Issue_Key,Commit_SHA,0_logit,1_logit,preds,labels
OODT-725,0da9d42f5d5fb1423e6f930cc3402579ce680884,0.8872616,0.11273842,0,0
OODT-452,47f703a58f5713c6f507a8fff0d977b98d05aa4a,0.87740165,0.12259838,0,0
OODT-96,05993ca1dc65a0b1befc3a8136a4e7f212fe700d,0.8348605,0.16513947,0,0
OODT-255,8e85fe897ca0af27107e2e3bff76d76f6b2cab6d,0.88995695,0.11004304,0,0
OODT-382,0a931286f558aa9ddc7ccbfc4ac91ddf7d670790,0.9038902,0.09610986,0,0
OODT-397,0bdba2d6d3118edd60b80b420d46bf4bc513d6f8,0.8787941,0.12120592,0,0
OODT-130,2955f0a1156af50371b9d03a05d0939c8f7ba5a2,0.83807826,0.1619217,0,0
OODT-115,173518ef598d45124807a685b8121743466e3c18,0.8838756,0.11612438,0,0
OODT-422,6480a9144d438c3508155bf78f15f798f57c59c3,0.8024781,0.19752191,0,0
OODT-815,9a598e41cb68270612c4c38c5f49d51b1a698b5e,0.8716764,0.12832366,0,0
OODT-88,a0c3bb96effbab6bc8fb08251d30ef9e5b19154c,0.8594866,0.14051346,0,0
OODT-607,133c929b5bc39a701ad5c5c28d44a4f403cbaf55,0.8378733,0.16212675,0,0
OODT-709,b52c813011e2c48b6e5a14f5005c71a56900f003,0.9166915,0.083308525,0,0
OODT-632,cd20cd7b22d2a58824aa4e9ab61c1743a91c9d7f,0.8449056,0.15509446,0,0
OODT-400,fcaf9b206fed32970869b9a9613ec7a7efd31d74,0.9198612,0.080138765,0,0
OODT-506,3411bdc48a8963dcc5bd43a88d55ceb3e541ab32,0.9134183,0.08658167,0,0
OODT-442,c1a304488fadceef0d0941dc4ea6680e64126835,0.9132286,0.08677143,0,0
OODT-690,f7cfcd6fee9839e413686ba58d1333e17fcc82f5,0.8483946,0.1516055,0,0
OODT-814,8b2e30f9d5db436121a22f7f0d99f69faab6d42f,0.89434355,0.105656505,0,0
OODT-188,48a344a3cc51e1ecf0632c1d9aecf8fa166b0025,0.8753071,0.12469294,0,0
OODT-925,e3b175996830f050a9030023f6dff4146a7206e6,0.9001598,0.09984018,0,0
OODT-23,e98b43cf7023eb2b98f6f08c4da49aecaad35205,0.82140505,0.17859493,0,0
OODT-408,73de359ee6bf481063edebed79746f8e27cba122,0.8787895,0.12121051,0,0
OODT-349,40c7dbd0b4b950ae5e549e065160fe9ba3dd1409,0.8658032,0.13419682,0,0
OODT-330,758e0c08d4c53599ad02242292b43a625e2c3b5a,0.87550133,0.124498695,0,0
OODT-625,6d53d880c5ff6639352fcb6b978de8aab64c98e5,0.82883704,0.17116296,0,0
OODT-141,ab0b74aa93a3bd743dfa5b4a94e279f835a966d0,0.8514803,0.14851965,0,0
OODT-143,173518ef598d45124807a685b8121743466e3c18,0.018248593,0.9817514,1,1
OODT-887,be35c7898f70fa4b980d814917f3d7faf61776fe,0.8284091,0.17159092,0,0
OODT-762,0f3aeaaa9bf21bddae10488b2ffa07e92c737167,0.016449347,0.98355067,1,1
OODT-656,e0dec6234dc5f76c817b9e988608a80e61f3eed7,0.8878311,0.11216891,0,0
OODT-954,d329e1ab90a0aacd601859e37e3acac978d68c94,0.8629522,0.13704781,0,0
OODT-769,fd8fd63aad8b6fb4806d0e0043282d6ad9d53921,0.86618745,0.13381258,0,0
OODT-870,42f4d0861b2e5756dfbe16aaf19e399890cfff45,0.8897895,0.110210545,0,0
OODT-397,14482f2bec96362cc0d2e25a0a5afd483f898a5a,0.9006081,0.09939186,0,0
OODT-448,156dce5fdc0ddd88bcc923b6acaa5182ce435f7f,0.86002374,0.13997628,0,0
OODT-890,c101b01da34d4427705aa03865839f424769a024,0.79294854,0.2070515,0,0
OODT-890,2726c08608c7ff321277eb48cc083f0237361613,0.80373895,0.19626103,0,0
OODT-143,c2ffec2b156ab3edea5f8fb4149486ea75b8c4ba,0.86245286,0.13754709,0,0
OODT-419,cae7acf65bab542ffb131aeed3b4d2c12dcc4d36,0.88187903,0.11812094,0,0
OODT-641,c81988bbab2928ed1f9bc312ce06961675234607,0.83244747,0.16755255,0,0
OODT-867,8a3c5f7b021f72fddb5445dadc39758ce97223d0,0.8199653,0.18003473,0,0
OODT-103,f32f83a08bc42906a404116c01cecb3bbf94e582,0.86052823,0.13947178,0,0
OODT-80,982385b262f0f226fefc8bee81a025f21221666e,0.8500104,0.14998958,0,0
OODT-707,efdddd7f11707605fb973a75d780f143b70582a7,0.8568952,0.14310485,0,0
OODT-275,518180573d150731bdedd89937e602824c23ad3e,0.8917038,0.108296245,0,0
OODT-260,518180573d150731bdedd89937e602824c23ad3e,0.88885254,0.11114746,0,0
OODT-145,228d2f40fcf8e7a911e0ee08155b59f4d1dc00b6,0.9059523,0.09404771,0,0
OODT-778,30b3c9c26afe6eed4c4dac3916ef8dd56afafd99,0.89052325,0.10947675,0,0
OODT-709,ff3c8d16221a0625af44242db9c833a7c389bfd4,0.8086704,0.19132958,0,0
OODT-675,963ab4fbbe94f1b6358fe1687727900c4f853385,0.86744493,0.13255507,0,0
OODT-689,3d25473b04ec7312551ea077dd09a4c54778ebac,0.8554894,0.1445106,0,0
OODT-344,a9b435d9dcf43fc5bfd0aa926e545715dd8e30ed,0.9038715,0.09612852,0,0
OODT-609,1550bf741d8822f1c041bd614023e613f69b5bf3,0.88467944,0.115320556,0,0
OODT-557,a359004da3d9bec039c9bd62d72108c7e7381f1a,0.011607643,0.9883924,1,1
OODT-502,adda886f0188da936877bddd78de540178678704,0.84387255,0.15612744,0,0
OODT-97,2c902a2976a0e1ffb48f19a9f52d45216d724790,0.85944027,0.14055967,0,0
OODT-486,bfb32dd5f0da195e22d815849bffb726c81947e0,0.8779877,0.12201225,0,0
OODT-419,16e2fc7de2df3fdd52104b89ef4e817b2935b19f,0.8947536,0.10524643,0,0
OODT-731,cf7a59ba11a18a76136e58f228c2db5d16ab343c,0.89603966,0.10396031,0,0
OODT-839,23f6be761fba3871f9794c23af99ed1c3ac4c4ef,0.009340359,0.99065965,1,1
OODT-326,c5ac84ec43542a99254a2d972bc5010842b7b0ef,0.88486075,0.115139246,0,0
OODT-182,ff6c8c9804d895701c8a08fc34ff2b6a21e2ef52,0.79627156,0.2037284,0,0
OODT-451,7e05d7f611595817bd2358355fce85662677a260,0.8823966,0.11760341,0,0
OODT-18,423b37024fba89bfafb0269f4ab916eec5c893c6,0.8411818,0.15881826,0,0
OODT-735,b711346437b76d2ea73fcae5dccbaf60426ea980,0.9172892,0.082710765,0,0
OODT-20,5c91217dc8653c344868f5dd0f174a2da5394a9c,0.87219757,0.12780245,0,0
OODT-137,d0a050f14e9b8478f7c1a8533a824fcdae7871e7,0.8237564,0.17624354,0,0
OODT-23,4bc13f412fc40bd96e67868ea1b02b2578a0dac6,0.8669158,0.13308416,0,0
OODT-56,f2550007ccf39e06fb23ba280d2f0a976ad7bcaf,0.8113381,0.18866195,0,1
OODT-93,7e0ad1325f73e92115d16e107158f1dc5f932ea6,0.8627462,0.13725382,0,0
OODT-425,0b778e8aca9a3608f1131550622fff06781f8813,0.8991568,0.100843206,0,0
OODT-959,73e8e853d88e9b3fcb34a5d8f3b7f1c4aeba10ac,0.808883,0.19111699,0,0
OODT-189,a0605a3e97641936533cba7c613e4a8bce1e1c4f,0.018237622,0.9817624,1,1
OODT-22,9fe779130991e5fc66145efd3bc9e9715c7aa6da,0.78318363,0.2168163,0,0
OODT-390,482ac45a12435a0d3e93bb3cf055944ae5dab5ea,0.83573425,0.16426577,0,0
OODT-420,fdc65ccde792494e40121dc6aa4b559f80ea492a,0.8189074,0.18109263,0,0
OODT-14,aa06c9dace4b32257420146a80501bb51e2bc2a2,0.88889587,0.11110419,0,0
OODT-397,0c8a6ec96cc7cc202aa4a9f6349db4c791d37956,0.9058617,0.09413831,0,0
OODT-525,2445f7036b64f08451a3423dd9481f5265bdb9f8,0.8274599,0.17254014,0,0
OODT-405,7f5caea69a0a066cc68b6fad93ac7b243ec396e2,0.8449776,0.15502244,0,0
OODT-98,007c76eeabcb1dacf3bc10e37817a97e729f6148,0.888936,0.111064024,0,0
OODT-706,a41b04634dc189546b394ec47a3786b039a368bb,0.8596405,0.14035952,0,0
OODT-326,7a40c51814fbd988299b2833fc063c32aed98b03,0.8260394,0.1739606,0,0
OODT-488,7843378a426299754844e9df8a1c0584ee334fa7,0.84453064,0.15546931,0,0
OODT-181,c09e6b66d1c309c060ca78482247e353f658f163,0.8690484,0.13095157,0,0
OODT-3,4f349511539a145123148c3d12ee9e5c6c6eed7e,0.008681339,0.99131864,1,1
OODT-390,f664da8df68ffa89757d81d2375bd98e2a1ba149,0.8607654,0.1392346,0,0
OODT-778,fd8fd63aad8b6fb4806d0e0043282d6ad9d53921,0.8523301,0.14766994,0,0
OODT-586,9b86219d464e5cb2268d008711cd85d20e3809d6,0.84354144,0.15645854,0,0
OODT-671,4f3588ce8c9a455fb4efbd5db04009c8c91dd44b,0.8969266,0.10307346,0,0
OODT-725,617febea025e113c5e87019dce8f268367d546dd,0.8692802,0.1307198,0,0
OODT-15,5c91217dc8653c344868f5dd0f174a2da5394a9c,0.011134434,0.98886555,1,1
OODT-17,10b975c86f5fb79bb736cc3eb962388ac5271c6c,0.86101073,0.13898924,0,0
OODT-755,d653cb05d0a2c7ebd9f74c26b11b1b2bc45c4a33,0.9075641,0.09243584,0,0
OODT-722,9094f68e10d74d8617f90e4f845a8a012816f39b,0.8969659,0.10303407,0,0
OODT-662,86f474b1603858250a13c06b841abf201c6e301f,0.012000158,0.98799986,1,1
OODT-150,d66cf300114bf5dccfaf9319a8a7645de418dd5a,0.010080522,0.9899194,1,1
OODT-699,573d8a1bb68d7c3dc6f5ea8d5aa096c28dd5ebc5,0.013018615,0.98698133,1,1
OODT-644,afd9d824cb84e13311585e129525bdb30df3c590,0.65359944,0.3464006,0,1
OODT-746,0555ee4fb81725825a0ce830bfbd697d6e8e6c43,0.8616774,0.13832255,0,0
OODT-595,e60e3c0b458f8032294d36b2805c21ed3dcdd50e,0.8701755,0.1298245,0,0
OODT-373,ea1735e1b399f46f09e0a263ab4292140c875a2a,0.8652843,0.13471562,0,0
OODT-362,3e0dc23bba5a6a7f5cb2e3ccb226981b4fb09486,0.019636342,0.98036367,1,1
OODT-382,37d9219da46086f6d4e0c8dbbb5b5065e5310127,0.8822904,0.117709644,0,0
OODT-326,d66cf300114bf5dccfaf9319a8a7645de418dd5a,0.8525943,0.14740573,0,0
OODT-678,fcc803c031d7a0b52eb65d5591e12e9de3eb245a,0.8487008,0.15129916,0,0
OODT-912,e43e8f073411d07c6239af134ac1016f8b3c679d,0.90406865,0.09593132,0,0
OODT-405,6480a9144d438c3508155bf78f15f798f57c59c3,0.8449776,0.15502244,0,0
OODT-780,0455b5f49efe30aa2d815f3ce11e40b1c5bcd3bc,0.8111178,0.18888217,0,0
OODT-71,cae7acf65bab542ffb131aeed3b4d2c12dcc4d36,0.885087,0.11491299,0,0
OODT-603,73bb786da4120d5474e0a653b023de2aa955bd49,0.8275363,0.17246367,0,0
OODT-742,9e181300a607a8083061459815c07070daa9c576,0.858883,0.14111696,0,0
OODT-93,c6c10d68a8fcfccc1ef8da58938b1835c8d5bca6,0.86313796,0.13686207,0,0
OODT-418,4f3a2c67209972af46a2735abd1998bf927a9d3b,0.85138875,0.14861123,0,0
OODT-17,f561d5c2b271dd67bb59201488723a7b824388e1,0.88057965,0.119420275,0,0
OODT-13,028daa6dd63ae4797668361b6e5b43a353413518,0.8389341,0.16106585,0,0
OODT-737,60b6b32ec1e54395fd187e794bb90370a6650bb4,0.8642925,0.1357075,0,0
OODT-140,62918be54844d7ad99ed4d7ce1db4fc82e66207a,0.8330527,0.16694734,0,0
OODT-676,5c339e64cac962c6dc758293b65dddac9d473713,0.8553411,0.14465891,0,0
OODT-260,2c029c1a455b5b0f2ca3d93cc35a3b2154d7bd94,0.88325363,0.1167463,0,0
OODT-704,183cf24064b145fb7f0a301f3ea37a02f06b42d9,0.86946565,0.13053437,0,0
OODT-208,0d1ce3f78d6375e848b19a28c79f52c87f4d9ba5,0.8585383,0.14146163,0,0
OODT-447,1c6eefbb3e5530a2280134de9c147ba1fbd58981,0.7957239,0.20427613,0,0
OODT-394,013dfebc61ddbc8300ea71b05591004f83c7f2e2,0.018782647,0.9812174,1,0
OODT-71,72761860024c841a73d5baab8fcd9b71da4e5628,0.9118508,0.088149175,0,0
OODT-228,440ee78e07e1d429a625113736ce499c31c81cc5,0.8372709,0.1627291,0,0
OODT-867,9a598e41cb68270612c4c38c5f49d51b1a698b5e,0.8764343,0.123565674,0,0
OODT-37,4bf91572628eb37e0b44e553aed2959e69946b5e,0.8552069,0.1447931,0,0
OODT-136,6dce705ecac2725e16bc2329d8debcc79431cac2,0.85999066,0.14000931,0,0
OODT-480,3abb505c1dc9149333b45e63e87e2bf52089a0e5,0.87705386,0.122946106,0,0
OODT-762,747abd8673979081e31a98c8d2e240f8d484f975,0.015822742,0.98417723,1,1
OODT-821,773426297859a54de0a4da203990ad0eec0ebbf2,0.91803396,0.081966005,0,0
OODT-353,0105c2ccf7fc7a9a2c85a722f5dc17a01f40c46e,0.89561635,0.10438367,0,0
OODT-633,e2a4d18bb2f0d663355d4f6a816a809b7ce88912,0.83723766,0.16276236,0,0
OODT-699,1bd436bac8e84183ed533d2560ac377f7170e71f,0.013883434,0.9861166,1,1
OODT-388,c94f470ee5c0a8998dfad34a917e8f7f0856553f,0.9010682,0.09893182,0,0
OODT-214,2445f7036b64f08451a3423dd9481f5265bdb9f8,0.84196645,0.15803355,0,0
OODT-408,d7fb38896aff985a7586f712431b774ad5911597,0.91173345,0.088266574,0,0
OODT-439,c1a304488fadceef0d0941dc4ea6680e64126835,0.9112905,0.088709444,0,0
OODT-735,06bade077ed00a228ee8a8aafd12d767e4337d0a,0.89213103,0.10786903,0,0
OODT-784,a2fd78ebd77c243a1a2646cbbbfbe27622a7b1c4,0.90327805,0.096721955,0,0
OODT-731,60b6b32ec1e54395fd187e794bb90370a6650bb4,0.8958247,0.104175314,0,0
OODT-13,7e0ad1325f73e92115d16e107158f1dc5f932ea6,0.8637519,0.13624813,0,0
OODT-660,67ef89b0b578d98c705399c830910e4474eb7c91,0.8992194,0.100780666,0,0
OODT-4,fe77923b71ee1721cf8246a1ece025ca8fef1668,0.909616,0.090383984,0,0
OODT-142,0415e9a19e6f346046cf7fdae71283fc92cb4d25,0.014760382,0.9852396,1,1
OODT-427,8e85fe897ca0af27107e2e3bff76d76f6b2cab6d,0.89208406,0.10791593,0,0
OODT-738,06bade077ed00a228ee8a8aafd12d767e4337d0a,0.8199523,0.18004775,0,0
OODT-396,5470e6f95c2567c06ce52f35aef2bef958dcf648,0.8379491,0.16205084,0,0
OODT-111,44243d55777ff8e7d79acf1b3865af49bf745261,0.83025175,0.16974825,0,0
OODT-779,3411bdc48a8963dcc5bd43a88d55ceb3e541ab32,0.91078645,0.08921358,0,0
OODT-177,2e01eaa0303dbf930e63c567083737db4db64727,0.82903576,0.1709643,0,0
OODT-265,9dde2641917b51f61306c6d7d35c11001eb306e2,0.8834207,0.11657923,0,0
OODT-409,6480a9144d438c3508155bf78f15f798f57c59c3,0.8189498,0.18105015,0,0
OODT-83,e6d301f0d576b132248a67507c4ccd86ed9079c7,0.90191483,0.09808519,0,0
OODT-674,ba4181655188c87ce1102c3ddccd0aeca5046ec6,0.86515135,0.13484861,0,0
OODT-255,4f3fcbd056c5f18bc1b6e6457d16501d1f69fe92,0.91348374,0.08651628,0,0
OODT-22,9c793c5cb846332ca27d3d1d447824fe709a9f7b,0.84526753,0.15473253,0,1
OODT-73,72761860024c841a73d5baab8fcd9b71da4e5628,0.90317196,0.096828006,0,0
OODT-265,4f3fcbd056c5f18bc1b6e6457d16501d1f69fe92,0.9072937,0.09270631,0,0
OODT-41,d45d0691a2ccaad014deadb6758e19ebcbda3583,0.8460372,0.1539628,0,0
OODT-729,8bc06ac04b851794cdbe889bfa4d74a71e4ebc91,0.9090635,0.0909365,0,0
OODT-404,6480a9144d438c3508155bf78f15f798f57c59c3,0.80606,0.19394,0,0
OODT-429,47af493857253cb65e63687e3e1899e2d096a1c3,0.874586,0.12541406,0,0
OODT-243,f8400ccc8b672eb81e47c56e075cbee68146cb38,0.8904866,0.10951338,0,0
OODT-547,9fcefb157d44eac7ec7546c34d81a401f03f92d5,0.8249843,0.17501564,0,0
OODT-23,f15b3f8471a6b6d5eb5f6ff4485952fc7bba116c,0.82546127,0.1745387,0,0
OODT-674,79ff1bc9232998dd0e0d6c3fcf6f91535b7cd848,0.87433964,0.1256603,0,0
OODT-477,af8e23846e5908684daedb722d338cff1ea8e190,0.80084896,0.19915098,0,1
OODT-259,706b9eecfcc05379ea01d5bc68fee6a772158e10,0.8370891,0.16291086,0,0
OODT-360,a772d1f74b686535bfa3d8a3d1e760c887986b69,0.8917421,0.10825788,0,0
OODT-954,708a836a6b58e0cd9fefd7b33b1e75897bb0d7e2,0.88930184,0.11069815,0,0
OODT-351,1bc9455d4606ff9af41a4bc531a33b838b0a3a19,0.8936966,0.106303364,0,0
OODT-413,dc0fbf82a25d46f6f60633177cf4058aa9141811,0.9075924,0.09240758,0,0
OODT-260,30b3c9c26afe6eed4c4dac3916ef8dd56afafd99,0.8799244,0.12007555,0,0
OODT-732,d42bc5e14f079b899f5d337e3f1dc6dad81ece43,0.85964423,0.1403557,0,0
OODT-249,0d1ce3f78d6375e848b19a28c79f52c87f4d9ba5,0.8541774,0.14582257,0,0
OODT-544,4bfbcce30421598240dfbaab33683e3e409dda9a,0.010645106,0.98935497,1,1
OODT-24,2b522b6837b60d7e6ede8252d19fc7d9b3f7c555,0.010258696,0.9897413,1,0
OODT-418,bc3c7119a3874a78e1c91c2e5c6e4164e226a548,0.84518063,0.15481938,0,0
OODT-388,d9a69cf54ec3847a8a2bbf600646598152b45c72,0.85948163,0.14051832,0,0
OODT-679,903678390df7dc27664c1ba22804def19c7a4b5f,0.8237351,0.17626485,0,0
OODT-865,58a706cd371ffe616941add62dcec342956286f2,0.9066121,0.09338791,0,0
OODT-607,ce991934e82a2235bb76f43aace3df28bc7dc5ad,0.8246794,0.1753206,0,0
OODT-734,11f61943343eeacb4edb9db36f31c14ac2f8cb1b,0.8944464,0.105553634,0,0
OODT-208,c317bf459922865e4c981be43fdc9f73f1291080,0.85282654,0.1471735,0,0
OODT-14,8d9961f1c6bb34ca09a2a38cd164d4058ac8b397,0.858669,0.14133099,0,0
OODT-487,7843378a426299754844e9df8a1c0584ee334fa7,0.8875911,0.1124089,0,0
OODT-751,491552e8d1afa8fe2ee31eae8f65ccacf20fa77e,0.01502166,0.9849783,1,1
OODT-676,ca8a73dad062eda3c6bc3d9e8cd989b1dec8a606,0.86737907,0.13262087,0,0
OODT-256,0d1ce3f78d6375e848b19a28c79f52c87f4d9ba5,0.8673552,0.13264477,0,0
OODT-112,c2ffec2b156ab3edea5f8fb4149486ea75b8c4ba,0.85416836,0.1458317,0,0
OODT-734,cf7a59ba11a18a76136e58f228c2db5d16ab343c,0.9022674,0.09773266,0,0
OODT-397,37d9219da46086f6d4e0c8dbbb5b5065e5310127,0.89349765,0.10650232,0,0
OODT-444,3de67da7b76f18d40c7a389d829687e6ea44d03e,0.8761115,0.12388853,0,0
OODT-378,1d5ccb2f7065ba4d44489a0580d5a72b898fcc12,0.8703649,0.12963514,0,0
OODT-885,f5ebb4288bed671e3b79779e8bd3861a13ec1f1f,0.8212665,0.17873348,0,0
OODT-607,af9a413d14895388b55ef5b3ae790d1c76ea0f46,0.82891417,0.17108583,0,0
OODT-815,298acba81becb471d5dd6d9dc0d4a068747c05d7,0.8235907,0.17640929,0,0
OODT-194,37d9219da46086f6d4e0c8dbbb5b5065e5310127,0.89859444,0.10140559,0,0
OODT-555,f0cc0bfcd69fc028dcc19dc5230b41c2c21da0d2,0.3382351,0.66176486,1,0
OODT-303,aa5ae454824002505d8ea4979e406b7f1747c138,0.010050556,0.98994946,1,1
OODT-865,9566fa9a2e2bc9ce42cddf2297cd228a1f9fbdf8,0.83487463,0.16512544,0,0
OODT-480,bbfe2de275a82569f19cb676bacea741d8166d70,0.89793295,0.102067076,0,0
OODT-259,3abb505c1dc9149333b45e63e87e2bf52089a0e5,0.8758195,0.12418055,0,0
OODT-15,221d19e423988f20322a93c5d7de9496ffb97e83,0.0129204,0.98707956,1,1
OODT-480,8b2e30f9d5db436121a22f7f0d99f69faab6d42f,0.90256804,0.09743197,0,0
OODT-142,173518ef598d45124807a685b8121743466e3c18,0.86932725,0.13067274,0,0
OODT-543,d04c79893f68e15ca99e2925892ac4c759efc050,0.88341534,0.11658469,0,0
OODT-404,af23c44574f8bfaf4f2b92067f04749a99b74583,0.80606,0.19394,0,0
OODT-508,281a676eb58518a7fc84e83ed4a4e9fa2c4791b1,0.86109656,0.13890347,0,0
OODT-290,2fdbda66005c0e1ebaf978e0d8cd1ab6039034e1,0.86114913,0.13885085,0,0
OODT-621,9972bf2dd50799468c08f3f0ee8b635fb12e3fab,0.08649818,0.91350186,1,1
OODT-89,318b9a731160d0eb33ef2ef181578068993b4b0b,0.8918327,0.10816728,0,0
OODT-866,706b9eecfcc05379ea01d5bc68fee6a772158e10,0.82249093,0.17750908,0,0
OODT-83,f405cc6131bec9de203392a5de633c5521d06dae,0.9062396,0.09376038,0,0
OODT-112,5481a8b136a6e615a2aedd6fbe7b5033a94c4fe2,0.8237786,0.17622136,0,0
OODT-809,d7c44af976dbc7e6b141d8ff280b593e3721b9e1,0.83593017,0.16406977,0,0
OODT-14,e0df870a23a1c56e7b9e18652143199f84c6fb5f,0.9135377,0.08646235,0,0
OODT-732,f4d62a7bece8dc5e84082dc617ea91cbcb3d4672,0.8691396,0.13086033,0,0
OODT-204,d24ec749118ed0aeb5846f3e6e60c467443db1a4,0.8519898,0.14801016,0,0
OODT-347,d830c3ab669d6ddddc3cfb59b7812526c4456a07,0.87877256,0.12122745,0,0
OODT-15,fe77923b71ee1721cf8246a1ece025ca8fef1668,0.016582482,0.98341745,1,1
OODT-447,3c3d4292c97fae485ff3d0912b277f55bc2808ab,0.8808067,0.11919336,0,0
OODT-220,b8deadd0d198c83aec4893c7238b499265bf9807,0.915051,0.08494901,0,0
OODT-886,be35c7898f70fa4b980d814917f3d7faf61776fe,0.8119739,0.18802613,0,0
OODT-603,999107e79ae38bc8fcccee61ba9e86b11d0ee885,0.8420205,0.15797956,0,0
OODT-403,00fbdc5ab960f23fa8c5866679812aea0ab81e84,0.036154583,0.96384543,1,0
OODT-761,a44c0e871f4db4af645f00533b00de1e91d5bcc3,0.8604259,0.13957413,0,0
OODT-249,00fbdc5ab960f23fa8c5866679812aea0ab81e84,0.8823716,0.117628425,0,0
OODT-176,0aee9d267a9b4d4920476d885183c6e25f5c6546,0.84575725,0.15424268,0,0
OODT-382,fcaf9b206fed32970869b9a9613ec7a7efd31d74,0.911264,0.088736035,0,0
OODT-17,753ef82007a9b9afb5d83bc1bdd5c4395495b605,0.83833724,0.1616627,0,0
OODT-408,ec00ee3e4cf5db3bf3187f40aee562fd3302c98f,0.86584306,0.13415691,0,0
OODT-498,530bc364d6eae06457b8f85b843a5f098adc8929,0.011315759,0.98868424,1,1
OODT-76,e6d301f0d576b132248a67507c4ccd86ed9079c7,0.9020084,0.09799158,0,0
OODT-419,1a4135e992fb1c0a39e3a0dc0402ab9d99d6f997,0.83907634,0.16092364,0,0
OODT-3,909b6a9b482020a6783740fcb4fdf863cf07ea48,0.009465488,0.99053454,1,1
OODT-628,0b574ea77fddf07b0ac956d6a8e38af67c4c91c5,0.83391786,0.16608216,0,0
OODT-82,ae2f9fe3b8214940d67861bed66a757e898a772a,0.8649719,0.13502808,0,0
OODT-194,0bdba2d6d3118edd60b80b420d46bf4bc513d6f8,0.8828442,0.117155775,0,0
OODT-135,138d077d2926e0580a99b963f30ca5901a7a3be7,0.051847488,0.94815254,1,0
OODT-344,74c8b610ff1d2c76690a44b384cdf5a384378d28,0.8942537,0.10574637,0,0
OODT-14,f8a1303647e7272af8d16f7dea7b1b40986d45aa,0.92232513,0.07767482,0,0
OODT-16,4d2cd4ce78212d6074f539fe30ca01614eff4bda,0.020451324,0.9795487,1,1
OODT-208,72620575e82676d8a0c5d0305cea8b5fda870858,0.87645245,0.123547524,0,0
OODT-870,b8deadd0d198c83aec4893c7238b499265bf9807,0.8942157,0.10578425,0,0
OODT-298,b7681dfc1fa6a1704c018aae9142348aa70650ea,0.80104566,0.19895436,0,0
OODT-22,32e3487f32c18ef0ef26e7e0ad4b2bb51936c15f,0.012894392,0.9871056,1,1
OODT-639,e2a4d18bb2f0d663355d4f6a816a809b7ce88912,0.8607198,0.13928019,0,0
OODT-842,298acba81becb471d5dd6d9dc0d4a068747c05d7,0.009235355,0.9907646,1,1
OODT-21,e01b1bfa983b049df432c3d47b82d0fa63c32f0f,0.8499756,0.15002438,0,0
OODT-279,0b9d3f3e819ec6d40a8ed847119ebe2638615307,0.8359885,0.16401148,0,0
OODT-747,a82ee5db935218e5c32dba2325518a254b8e1b4f,0.91250634,0.08749365,0,0
OODT-722,c0b31845ef47834d068e3e71886cdeaddcad939d,0.8998449,0.10015507,0,0
OODT-276,4f3fcbd056c5f18bc1b6e6457d16501d1f69fe92,0.9090181,0.0909819,0,0
OODT-865,42f4d0861b2e5756dfbe16aaf19e399890cfff45,0.8956003,0.10439972,0,0
OODT-83,3b2f4c983c6f73fa015fbc9dc0237e40d43457aa,0.83079374,0.1692063,0,0
OODT-395,b3d9e32b012ece9a97e7d29eb056ee5722eef33e,0.85450727,0.14549272,0,1
OODT-323,1b3ef58269f8c575d5ceca74c17b93c101989cb2,0.8392144,0.16078562,0,0
OODT-338,9a7326261245e9a9c616b84e19a2647216302cf3,0.011449496,0.9885505,1,1
OODT-704,3b2b8cbb14d84707bc877370a5f51aec70027a03,0.83962744,0.1603725,0,0
OODT-275,706b9eecfcc05379ea01d5bc68fee6a772158e10,0.84934616,0.15065388,0,0
OODT-400,4d508d84e6ed63e4ed32412302df5bbdda5d1e16,0.84930927,0.15069078,0,0
OODT-385,4d508d84e6ed63e4ed32412302df5bbdda5d1e16,0.8252118,0.17478824,0,0
OODT-524,6e403eecb61847e4794d90400423830edfbefa83,0.82845473,0.17154527,0,0
OODT-151,ef86b12466ae8848f8b4b78b38c38eca91a9b73e,0.8124548,0.18754521,0,0
OODT-715,b966a1b98fc116fdc73d221ee17e0993992ada51,0.84059435,0.1594056,0,0
OODT-867,518180573d150731bdedd89937e602824c23ad3e,0.8823843,0.117615685,0,0
OODT-473,69b77436f480582cb744b6daa8bb8532f5b62156,0.86759245,0.1324076,0,0
OODT-93,df28b8498ed70a908255d2381f59fefab5702e12,0.85430396,0.145696,0,0
OODT-119,72bde5065c75fa0e9ea85b5a85dde962db7fe630,0.00989273,0.9901073,1,1
OODT-197,e2cb7237bf6bd0d01248ea35f78c97347fa024a8,0.011817268,0.9881827,1,1
OODT-781,e39cc581fd0e80d20f74a7fb99c33d726f325732,0.8849198,0.11508013,0,0
OODT-678,64b15471bb72352560b6914410cc5b115f126d70,0.8525607,0.14743936,0,0
OODT-747,f091a9a1568812542d39ed84799b28a0935a3881,0.88879,0.111210056,0,0
OODT-440,bdb5e4d52bb1882bf66492e7871836ba680c58f0,0.84637,0.15363005,0,0
OODT-605,886cdf946e1a0e03f8cd19c9826aecf0c3ea6739,0.025021322,0.9749786,1,0
OODT-603,a09bab420c0789c9049c3e3047547fa0b8944e88,0.8616166,0.13838343,0,0
OODT-530,385be5591d8bdf22cd9b6de15e8e9c2019533adf,0.8347897,0.16521035,0,0
OODT-145,a295afc7fd1905c7859858ea851eab91b0204732,0.90658087,0.09341919,0,0
OODT-385,fe693d8116399d03a8b5e6b1c4b4d04bca68adea,0.81105125,0.18894881,0,0
OODT-603,dd8294fd29d00e877f776a59ff5d00b50ba865a6,0.85479033,0.14520971,0,0
OODT-144,cbca65d8435df818db66a22643b3290399517ec0,0.8615481,0.13845183,0,0
OODT-85,601838ffaae7357d8690813fe9cff48feacd7b51,0.8695202,0.13047981,0,0
OODT-134,6dce705ecac2725e16bc2329d8debcc79431cac2,0.8519673,0.1480327,0,0
OODT-805,e54db5b5c41c2f4cb145713cab461ffa13429404,0.8458265,0.15417352,0,0
OODT-406,39eec80df54439e80a22e1f2f73b385be4805235,0.88489777,0.11510224,0,0
OODT-330,45c7c4294463f60fa3b49367e35e861f45843bf1,0.9210273,0.0789727,0,0
OODT-88,384effac686ed34c0cb60d946eb1a26f15724d81,0.9155772,0.084422804,0,0
OODT-220,30b3c9c26afe6eed4c4dac3916ef8dd56afafd99,0.87897456,0.1210254,0,0
OODT-532,5eb974b7bf172578f22a4243919220daaed5e28c,0.8471344,0.15286563,0,0
OODT-17,7892af328e0b8665da4d5ad305bbf15edc96fd03,0.89715326,0.10284672,0,0
OODT-215,8137cd3649c1c267dcc86d93af91b9a0e8ce9d8e,0.022525368,0.97747463,1,0
OODT-701,10864898cf96520f4c23e3328ebbad8a3e401c5c,0.8401817,0.15981825,0,0
OODT-343,861cc31d6516b3160b4ac4aef8adc61909e296cf,0.88020074,0.11979925,0,0
OODT-689,42f4d0861b2e5756dfbe16aaf19e399890cfff45,0.8977718,0.10222823,0,0
OODT-49,9b24dcdc72f9dec390abdd1239278f5286c0500c,0.84039825,0.15960172,0,0
OODT-821,02fb15fe0fdd0987a36dbeb0c9f15c7a23468289,0.8122192,0.18778086,0,0
OODT-14,818be385b21ba5c401185b1a3c9a97f1a50770c8,0.88296574,0.11703429,0,0
OODT-47,26115cfc6cd2d8d50d9675c8b4f926bc7a716f26,0.79425293,0.20574708,0,0
OODT-130,62918be54844d7ad99ed4d7ce1db4fc82e66207a,0.8503411,0.14965887,0,0
OODT-3,8b79a71045a4d9a4f6763b939a924ef86c1e89a4,0.012850374,0.98714966,1,0
OODT-95,ae2f9fe3b8214940d67861bed66a757e898a772a,0.8377,0.1623,0,0
OODT-498,959278121eacf5ffaee879309e30cfda9f40564d,0.026115023,0.973885,1,0
OODT-141,2955f0a1156af50371b9d03a05d0939c8f7ba5a2,0.8498324,0.15016761,0,0
OODT-302,b7681dfc1fa6a1704c018aae9142348aa70650ea,0.83140665,0.16859336,0,0
OODT-206,6853d87e38718b984683644324bf51472b176b28,0.9003805,0.099619545,0,0
OODT-82,982385b262f0f226fefc8bee81a025f21221666e,0.8636903,0.1363097,0,0
OODT-421,47af493857253cb65e63687e3e1899e2d096a1c3,0.86525905,0.13474092,0,0
OODT-726,dbcaef3ea22a2c6466be585cad1bcd117b1c99ac,0.8554939,0.14450608,0,0
OODT-175,23e0694f4f20e543ab3e152ffd489f463e5575d6,0.91614014,0.083859794,0,0
OODT-337,ac5ad8e122f9dd3b2a07db20b7464aad27f43018,0.85727316,0.14272691,0,0
OODT-389,0c8a6ec96cc7cc202aa4a9f6349db4c791d37956,0.88897675,0.11102326,0,0
OODT-133,7a40c51814fbd988299b2833fc063c32aed98b03,0.9080711,0.09192896,0,0
OODT-277,9dde2641917b51f61306c6d7d35c11001eb306e2,0.87618846,0.12381153,0,0
OODT-186,aefcce24e67ecc3f2b9f87e772e73badb659b10f,0.85873836,0.14126167,0,0
OODT-88,c6c10d68a8fcfccc1ef8da58938b1835c8d5bca6,0.8661864,0.13381366,0,0
OODT-389,7951a8ff66e17c4053163a2f023382e98887fe1f,0.7779439,0.22205608,0,0
OODT-842,3411bdc48a8963dcc5bd43a88d55ceb3e541ab32,0.01760779,0.98239225,1,1
OODT-260,3411bdc48a8963dcc5bd43a88d55ceb3e541ab32,0.9102731,0.08972691,0,0
OODT-141,6dce705ecac2725e16bc2329d8debcc79431cac2,0.858632,0.141368,0,0
OODT-407,f45ace4dd72857167c0001e59544f547896fe007,0.8259429,0.1740571,0,0
OODT-143,b4d747369c09355f504819e6c07ae57cd60d4abc,0.8488244,0.15117563,0,0
OODT-260,440ee78e07e1d429a625113736ce499c31c81cc5,0.8431511,0.15684892,0,0
OODT-104,df28b8498ed70a908255d2381f59fefab5702e12,0.8432289,0.1567711,0,0
OODT-525,ef351efa1201e6ee5310462f0773d08c03a7a581,0.89336365,0.106636345,0,0
OODT-483,0dbf18ab01c16cf5fd76e0c73305b7d3560ba639,0.91118455,0.08881545,0,0
OODT-379,5470e6f95c2567c06ce52f35aef2bef958dcf648,0.83905596,0.16094406,0,0
OODT-550,44488fed4d2b2922c167d8f683f66cdd4f95270d,0.9087581,0.09124189,0,0
OODT-115,33891b0524cf036c29304f39e851450cf190c2ce,0.8462275,0.15377246,0,0
OODT-322,4c9ce5ebf2424207e715ccc9f7380ad86f7db0e0,0.84146893,0.15853107,0,0
OODT-496,d8b4c158526223fa352956d31097d059d38ec22f,0.8767418,0.123258166,0,0
OODT-408,ce991934e82a2235bb76f43aace3df28bc7dc5ad,0.8672358,0.13276419,0,0
OODT-120,0f1580ab2242f53b5aa573401fd144e3031b062d,0.011631257,0.98836875,1,1
OODT-817,c31954b7f9d422a63a05bea8c9b28ff4d2a85f7f,0.010812282,0.9891878,1,1
OODT-607,95d9725557fcef3d3bf795895b1efd9c28a54f01,0.8574546,0.14254542,0,0
OODT-413,ac1dfc957035358c6acd96429976c72803b21dd7,0.061148148,0.9388518,1,0
OODT-155,ee94d61244ee65ad428ae6aca4a822fd5a1692e2,0.6998792,0.30012083,0,0
OODT-17,7a638c4868a0827c7668084a927abac211cfcf25,0.86970323,0.13029674,0,0
OODT-691,843eedfb9b5b5e44703408c318120411a5e9c1f1,0.9099937,0.09000629,0,0
OODT-415,7f5caea69a0a066cc68b6fad93ac7b243ec396e2,0.80977046,0.19022952,0,0
OODT-97,384effac686ed34c0cb60d946eb1a26f15724d81,0.02339283,0.97660714,1,1
OODT-701,9b7a5e43888fa2b7e1d084ccb69ccf82fc3f7832,0.036385253,0.9636148,1,0
OODT-204,9b7a5e43888fa2b7e1d084ccb69ccf82fc3f7832,0.8370494,0.16295053,0,0
OODT-728,8bc06ac04b851794cdbe889bfa4d74a71e4ebc91,0.8525378,0.14746217,0,0
OODT-296,6853d87e38718b984683644324bf51472b176b28,0.016401786,0.9835983,1,1
OODT-746,64b15471bb72352560b6914410cc5b115f126d70,0.82659495,0.1734051,0,0
OODT-141,d6b3802e505fe12218955c013dbad122105ca4bb,0.8962076,0.1037924,0,0
OODT-410,16e2fc7de2df3fdd52104b89ef4e817b2935b19f,0.88977677,0.11022326,0,0
OODT-688,5547d6cfb788fb920b533c307e7b430d2c4cce9f,0.87383574,0.12616432,0,0
OODT-867,281a676eb58518a7fc84e83ed4a4e9fa2c4791b1,0.8448806,0.1551194,0,0
OODT-734,b711346437b76d2ea73fcae5dccbaf60426ea980,0.9180005,0.08199953,0,0
OODT-119,7721561dd6117a5d8205b93c977d3918f51d11b8,0.009321059,0.99067897,1,1
OODT-448,38aec70d54448ad33f7be688791b08d89539b952,0.014395205,0.9856048,1,1
OODT-931,fa8251058b55b5703eda622d6bc64df2c89c8e52,0.014602038,0.98539793,1,1
OODT-631,544ae9d03e7595c6b4311f2891cce2f45087a928,0.8761625,0.12383744,0,0
OODT-804,42f4d0861b2e5756dfbe16aaf19e399890cfff45,0.88971347,0.11028658,0,0
OODT-476,69b77436f480582cb744b6daa8bb8532f5b62156,0.90307426,0.096925735,0,0
OODT-465,78456ce93ed48f60a1aae1fd4900ad76ab00aff4,0.8762789,0.1237211,0,1
OODT-824,58a706cd371ffe616941add62dcec342956286f2,0.019879902,0.9801201,1,0
OODT-886,eceb9261eb556a3f2e6c763243a1090881366b05,0.82850343,0.17149657,0,0
OODT-141,b2f1ab8e19074869e578c8e660880cc210567d07,0.8434314,0.15656857,0,0
OODT-423,ac1dfc957035358c6acd96429976c72803b21dd7,0.8760078,0.123992205,0,0
OODT-135,2955f0a1156af50371b9d03a05d0939c8f7ba5a2,0.83974755,0.16025242,0,0
OODT-690,cd5288e5ebd0e4efdbad7b7f4182ad454c66ef57,0.85143816,0.14856184,0,0
OODT-211,0b9d3f3e819ec6d40a8ed847119ebe2638615307,0.8610565,0.13894352,0,0
OODT-394,c34280f157c57ac356336637f49755d3bc09f965,0.77822524,0.2217748,0,0
OODT-368,8f4b2ada5303e6aeea57b97b0534d4c4ec40da0b,0.016025206,0.98397475,1,1
OODT-78,47a1992b3c8e4b8f772735eaa758cb633e8c15c1,0.8530383,0.14696166,0,0
OODT-424,a34deb4850b829a66e3b98df8d7be3cc372d5971,0.8839507,0.11604936,0,0
OODT-255,1caad66a2edf8df88d91225f6d76a3a55cb8565f,0.81456935,0.18543063,0,0
OODT-7,3ec8a233fd4b9ee7689bd5de25802b140f6b3ca4,0.88705504,0.11294494,0,0
OODT-496,cc01c4d2897e223763a5447e6f4f1601a5358d96,0.86188483,0.13811511,0,0
OODT-387,2c9bfedfcef1f891454733dd3982f40d1dd737db,0.910539,0.08946107,0,0
OODT-186,b8e7b6e5f27478c44dde9781376d92ff08030310,0.8689186,0.13108134,0,0
OODT-98,41b4a5febee41354e4fc963af708530eb896dd29,0.8779668,0.122033164,0,0
OODT-1034,6fb4c67066d5f560a99350e00d654cedbf0b5469,0.010916976,0.98908305,1,1
OODT-667,cfe17dd5f448e0902501792664d4870a9c42703b,0.8781567,0.121843316,0,0
OODT-217,9cc981cd04a256bfb8c18676d01a3cd988573ab0,0.86532235,0.1346776,0,0
OODT-815,514cb5698ad65574b25750b5a6f4cae9a325cdb1,0.9076734,0.092326544,0,0
OODT-298,42f4d0861b2e5756dfbe16aaf19e399890cfff45,0.89139366,0.108606376,0,0
OODT-361,b3d9e32b012ece9a97e7d29eb056ee5722eef33e,0.89268583,0.10731415,0,1
OODT-68,72761860024c841a73d5baab8fcd9b71da4e5628,0.9072188,0.09278118,0,0
OODT-814,aa6002068ee9385c0e754850b7859c8db11628a6,0.8307397,0.16926037,0,0
OODT-347,b20ecd1513b274364303da2eccefa5643bd565fb,0.8553286,0.14467134,0,0
OODT-78,7c29c9cd1d7d467204952fcfb2924c9d2da1713d,0.022452375,0.97754765,1,1
OODT-15,0c343737ccdec01826de5c081c1e4d52ae8b40af,0.0117709525,0.98822904,1,1
OODT-124,8a3c5f7b021f72fddb5445dadc39758ce97223d0,0.83652186,0.1634781,0,0
OODT-349,0105c2ccf7fc7a9a2c85a722f5dc17a01f40c46e,0.89742863,0.102571405,0,0
OODT-22,9b24dcdc72f9dec390abdd1239278f5286c0500c,0.8389989,0.16100113,0,0
OODT-706,706b9eecfcc05379ea01d5bc68fee6a772158e10,0.85926616,0.14073381,0,0
OODT-453,156dce5fdc0ddd88bcc923b6acaa5182ce435f7f,0.8701043,0.12989569,0,0
OODT-838,440ee78e07e1d429a625113736ce499c31c81cc5,0.80389047,0.19610958,0,0
OODT-82,e6d301f0d576b132248a67507c4ccd86ed9079c7,0.9088475,0.0911525,0,0
OODT-228,1753aaa7bc3e63611d59d72a28e35ed8a4ed71ac,0.91428214,0.08571792,0,0
OODT-387,7951a8ff66e17c4053163a2f023382e98887fe1f,0.8204864,0.17951357,0,0
OODT-72,a0c3bb96effbab6bc8fb08251d30ef9e5b19154c,0.8683636,0.13163641,0,0
OODT-425,562388b8a753538117ba81c7fe84b580595087de,0.87836665,0.12163333,0,0
OODT-427,4f3a2c67209972af46a2735abd1998bf927a9d3b,0.8804811,0.11951887,0,0
OODT-184,b02adf20dfbbc956749252d6ef928dc04c8d29ca,0.8244571,0.17554285,0,0
OODT-58,6275a3d3c70f0c851484df5036939761df7597d3,0.8248705,0.17512952,0,0
OODT-390,848ca9d96c2b4af374c231ced5b0d99c8a8a0ee7,0.9063292,0.09367075,0,0
OODT-182,9023c6b5a005e4c98e584163cc39d67283f50f05,0.86121583,0.1387842,0,0
OODT-52,7a40c51814fbd988299b2833fc063c32aed98b03,0.8318666,0.16813338,0,1
OODT-390,fcaf9b206fed32970869b9a9613ec7a7efd31d74,0.9158904,0.08410965,0,0
OODT-346,861cc31d6516b3160b4ac4aef8adc61909e296cf,0.6981431,0.30185685,0,0
OODT-336,1d58b8f46b6c0c1fc7d5f0cc20306e502d69aae3,0.81873155,0.18126845,0,0
OODT-14,e6e16876a138b0e952d6abc8b8be5709e781b45d,0.8430019,0.15699816,0,0
OODT-20,0b932f501a3e51cf777e0100df78408736a45506,0.010608548,0.98939145,1,1
OODT-289,e652d3b0ed9f2270b8df9d707237139ce64ff26f,0.8459964,0.15400365,0,0
OODT-190,8bcc434dd562015860974dacd9eaf7e8f4991d8e,0.8452823,0.15471768,0,0
OODT-420,f45ace4dd72857167c0001e59544f547896fe007,0.8189074,0.18109263,0,0
OODT-7,9e93a2cf656531af2e2ec08b4590e9b04c9853ce,0.89007115,0.10992891,0,0
OODT-18,a41c845a3ecb6b4d461dd6a775a4854d7c375a3b,0.8363269,0.16367307,0,0
OODT-15,d776d68180238b474c4dd1aad48219bc963011b9,0.010325141,0.98967487,1,1
OODT-381,4a01713127e50185138fa98e896438677b1c7c89,0.8231716,0.1768284,0,0
OODT-678,5c339e64cac962c6dc758293b65dddac9d473713,0.84293723,0.1570628,0,0
OODT-342,3c11905669936b69fc739bfc51aa2cc3334cd607,0.8695978,0.13040227,0,0
OODT-15,397b2c4b279f53b495decd936aaa914054a74386,0.014520444,0.98547953,1,1
OODT-607,a09bab420c0789c9049c3e3047547fa0b8944e88,0.016484518,0.98351544,1,0
OODT-152,dc6d26ce7b5fa69465fe091cd1693e6c1f12c65c,0.81560916,0.18439083,0,0
OODT-749,4851df67f4338ee6fa5806059b526b3710a5c65a,0.8761735,0.12382646,0,1
OODT-675,2f03f805c7f5ac47e5bff378c12a595cb47048c8,0.06428758,0.93571246,1,0
OODT-679,fcc803c031d7a0b52eb65d5591e12e9de3eb245a,0.82451975,0.17548029,0,0
OODT-361,2c9bfedfcef1f891454733dd3982f40d1dd737db,0.9116615,0.08833845,0,0
OODT-415,562388b8a753538117ba81c7fe84b580595087de,0.86687255,0.13312747,0,0
OODT-739,dbcaef3ea22a2c6466be585cad1bcd117b1c99ac,0.89985806,0.10014202,0,0
OODT-141,a0fc8d0dee0a6f8f6f9896a305a059ee23b83317,0.8671765,0.13282353,0,0
OODT-511,4dc1850405c88d9ce4b373381439c2ece33ec356,0.9129297,0.08707024,0,0
OODT-424,2928bf0cdade11e5b6d80ab316ab8667aa20c8fa,0.90631354,0.09368646,0,0
OODT-712,ff3c8d16221a0625af44242db9c833a7c389bfd4,0.83945715,0.16054283,0,0
OODT-373,a7ac6f6d43b13eb162982b5f274623c62660d781,0.8873595,0.11264045,0,0
OODT-887,631cd23cd4bc70e117ad7f22c8d3864f30f09313,0.8731179,0.12688208,0,0
OODT-507,5c8c9f6c3413b40a6192b7e101029e117625d151,0.86701864,0.13298139,0,0
OODT-23,decc69dab2acec7f14a3d9b940d992a2fcad61f4,0.82910055,0.1708995,0,0
OODT-678,b41d76d2ebd0d1d66d1a93dababb269d6826332c,0.8410581,0.1589419,0,0
OODT-453,3de67da7b76f18d40c7a389d829687e6ea44d03e,0.8342444,0.16575569,0,0
OODT-373,3e0dc23bba5a6a7f5cb2e3ccb226981b4fb09486,0.86003333,0.13996665,0,0
OODT-449,258b221df18badd6d6620896b44d9224b9d1a340,0.8563117,0.14368835,0,0
OODT-207,0fafc3d3bead0da7b1cf242a9093f61c9777ad04,0.87950605,0.12049401,0,0
OODT-732,c0b31845ef47834d068e3e71886cdeaddcad939d,0.8639022,0.13609783,0,0
OODT-739,cfe17dd5f448e0902501792664d4870a9c42703b,0.89917946,0.10082053,0,0
OODT-505,e7f5890cad344197cb4aafdd84cf84a6899027d7,0.009062609,0.9909374,1,1
OODT-716,b966a1b98fc116fdc73d221ee17e0993992ada51,0.8732831,0.12671694,0,0
OODT-14,fd57a20d9c6c3b0b1750aa6ad5cb751de8f03f9f,0.85004157,0.14995842,0,0
OODT-15,338fa4cab6027812251baeb8753bb403c6d48281,0.010836089,0.989164,1,1
OODT-358,a772d1f74b686535bfa3d8a3d1e760c887986b69,0.87596875,0.12403129,0,0
OODT-342,0df035af35ba77e5c1721d5fdcbb4bbdfad9b513,0.84177005,0.15822998,0,1
OODT-17,97bd1b237d02ce64c5500d6a85c0897b6f9424a3,0.8305378,0.1694622,0,0
OODT-244,cbfef6d25c1cf58174ebc358ac1e3534c87d5c55,0.8647984,0.13520159,0,0
OODT-623,2f754e1d8db0afdbe88ad20a744de1d0a0df7d8d,0.012594925,0.987405,1,1
OODT-636,544ae9d03e7595c6b4311f2891cce2f45087a928,0.010484538,0.9895154,1,1
OODT-413,16e2fc7de2df3fdd52104b89ef4e817b2935b19f,0.91743094,0.08256906,0,0
OODT-425,a34deb4850b829a66e3b98df8d7be3cc372d5971,0.8354922,0.16450785,0,1
OODT-76,007c76eeabcb1dacf3bc10e37817a97e729f6148,0.874107,0.12589303,0,0
OODT-418,47af493857253cb65e63687e3e1899e2d096a1c3,0.86033607,0.1396639,0,0
OODT-627,0555ee4fb81725825a0ce830bfbd697d6e8e6c43,0.8853569,0.11464305,0,0
OODT-555,a359004da3d9bec039c9bd62d72108c7e7381f1a,0.8824172,0.11758285,0,0
OODT-197,23017d3b543cb382df87124a7933ecbdbea2a534,0.86816657,0.13183346,0,0
OODT-195,e2cb7237bf6bd0d01248ea35f78c97347fa024a8,0.83654493,0.16345504,0,0
OODT-389,013dfebc61ddbc8300ea71b05591004f83c7f2e2,0.90907186,0.09092808,0,0
OODT-289,9dde2641917b51f61306c6d7d35c11001eb306e2,0.8918351,0.10816494,0,0
OODT-379,ea1735e1b399f46f09e0a263ab4292140c875a2a,0.015718717,0.98428124,1,1
OODT-182,19c769c3b12a6036d485eb4bfc69ac4bdeaf7f4a,0.012922554,0.9870775,1,1
OODT-501,697549c7e981daaf986458a28a70eb8e76554e84,0.8424161,0.1575839,0,0
OODT-87,18ac26258caa0d4859607bfb131a167e7c3741f5,0.85298324,0.14701681,0,0
OODT-48,d08c0fa74e51074c9874bee9e98c4e8b7e682d87,0.8509656,0.14903438,0,0
OODT-815,4509cc8fe0476a5047b815af2a244da1865f888e,0.9000182,0.099981755,0,0
OODT-723,f4d62a7bece8dc5e84082dc617ea91cbcb3d4672,0.89420056,0.10579941,0,0
OODT-638,c81988bbab2928ed1f9bc312ce06961675234607,0.81105626,0.18894377,0,0
OODT-71,1a4135e992fb1c0a39e3a0dc0402ab9d99d6f997,0.8297893,0.17021075,0,0
OODT-20,9fe779130991e5fc66145efd3bc9e9715c7aa6da,0.84139854,0.15860148,0,0
OODT-382,4a01713127e50185138fa98e896438677b1c7c89,0.8263026,0.17369746,0,0
OODT-177,23e0694f4f20e543ab3e152ffd489f463e5575d6,0.8470992,0.15290087,0,0
OODT-502,ed60b65e1ada8e3edfe27988e010f8506ea46f39,0.01095907,0.9890409,1,1
OODT-180,408c164827c2540a3547e45272e8fd2a8755bdab,0.846883,0.15311706,0,0
OODT-247,aa5ae454824002505d8ea4979e406b7f1747c138,0.8492473,0.1507527,0,0
OODT-817,5c0e6eb339c315ebfdf6a1417f5f77fb7f9fbd7b,0.84522414,0.15477586,0,0
OODT-392,4153e279aa0b6f9a9074b817d4af40d3e43827c3,0.810872,0.18912803,0,0
OODT-388,013dfebc61ddbc8300ea71b05591004f83c7f2e2,0.9206197,0.07938021,0,0
OODT-662,34cce66358d887bd48dae3a3b7f67a439ee1f734,0.85465586,0.14534411,0,0
OODT-357,9a7326261245e9a9c616b84e19a2647216302cf3,0.9092391,0.09076088,0,0
OODT-631,260c2336916ca30bad5ac86fea2daeb961b95412,0.8994471,0.10055288,0,0
OODT-23,a8b7f23f620bf30f75fcc28e39cc83f804467d12,0.82684916,0.17315081,0,0
OODT-138,a295afc7fd1905c7859858ea851eab91b0204732,0.85123694,0.14876306,0,0
OODT-132,ab0b74aa93a3bd743dfa5b4a94e279f835a966d0,0.91494006,0.08505989,0,0
OODT-135,0415e9a19e6f346046cf7fdae71283fc92cb4d25,0.86089313,0.13910687,0,0
OODT-723,79807fdccbf49a5dcc8ab27fcff539e123565169,0.91028434,0.08971564,0,0
OODT-259,01d17f00b1a2e5b8a0316fd4876b23be4c4933da,0.8498042,0.15019573,0,0
OODT-131,2955f0a1156af50371b9d03a05d0939c8f7ba5a2,0.9090894,0.09091054,0,0
OODT-269,4f3fcbd056c5f18bc1b6e6457d16501d1f69fe92,0.913297,0.086703,0,0
OODT-98,2c902a2976a0e1ffb48f19a9f52d45216d724790,0.8667832,0.1332168,0,0
OODT-954,508c85668a6701c6005cc7de6c434f03cd22fc1d,0.8381095,0.16189052,0,0
OODT-47,2925737aebfa1cea846bd7c935234e5cb6aeac55,0.8695111,0.13048883,0,0
OODT-219,079da660b108e730ea46d030869a81e82837bd11,0.89439845,0.1056015,0,0
OODT-344,5bfeef080af57e6d62b0714561bb3a1e912acc8e,0.8873968,0.11260318,0,0
OODT-279,0d1ce3f78d6375e848b19a28c79f52c87f4d9ba5,0.872074,0.12792602,0,0
OODT-298,281a676eb58518a7fc84e83ed4a4e9fa2c4791b1,0.8474545,0.1525455,0,0
OODT-407,1a4135e992fb1c0a39e3a0dc0402ab9d99d6f997,0.8259429,0.1740571,0,0
OODT-802,c5b7eb904968f47333e6093c8746e78510166d0b,0.0075388267,0.99246114,1,1
OODT-42,4bf91572628eb37e0b44e553aed2959e69946b5e,0.8316347,0.16836533,0,0
OODT-299,635b3db3ad8dabadcb2c3f73fdcdc637e9717766,0.85916424,0.1408358,0,0
OODT-184,aefcce24e67ecc3f2b9f87e772e73badb659b10f,0.81631434,0.18368565,0,0
OODT-78,601838ffaae7357d8690813fe9cff48feacd7b51,0.8797585,0.1202415,0,0
OODT-424,a82ee5db935218e5c32dba2325518a254b8e1b4f,0.9094112,0.09058884,0,0
OODT-783,4cfdf60404c21ef95cd384d40782ac6c453e8b0b,0.88463753,0.115362465,0,0
OODT-385,1d5ccb2f7065ba4d44489a0580d5a72b898fcc12,0.87334734,0.12665269,0,0
OODT-626,4f3588ce8c9a455fb4efbd5db04009c8c91dd44b,0.9230326,0.07696741,0,0
OODT-708,ff3c8d16221a0625af44242db9c833a7c389bfd4,0.80214065,0.19785939,0,1
OODT-824,b8deadd0d198c83aec4893c7238b499265bf9807,0.01893293,0.98106706,1,1
OODT-87,f75078bdc29cfc5b22f935d62468b96633481df4,0.89573324,0.10426675,0,0
OODT-866,3411bdc48a8963dcc5bd43a88d55ceb3e541ab32,0.9058499,0.09415017,0,0
OODT-151,779ab634bc44a43b04205985e1f642027bdfb77c,0.01072261,0.98927736,1,1
OODT-506,42f4d0861b2e5756dfbe16aaf19e399890cfff45,0.8920244,0.10797565,0,0
OODT-14,4d56934279e79bdbb8944fe7e208e96d741c2ed5,0.84095615,0.15904392,0,0
OODT-309,635b3db3ad8dabadcb2c3f73fdcdc637e9717766,0.015219628,0.9847803,1,1
OODT-785,4337fd69cc7e99e6649d2051fb46957345835e47,0.861613,0.13838698,0,0
OODT-864,24db2ae6b36091c9fdffcfd8cbd4d8da32307829,0.007814643,0.9921854,1,1
OODT-97,7e0ad1325f73e92115d16e107158f1dc5f932ea6,0.872481,0.12751898,0,0
OODT-870,2030e7957bbf048690903b6f0cce2731faf6e0c9,0.85948956,0.14051042,0,0
OODT-87,05993ca1dc65a0b1befc3a8136a4e7f212fe700d,0.8521924,0.1478076,0,0
OODT-794,491552e8d1afa8fe2ee31eae8f65ccacf20fa77e,0.83157825,0.16842172,0,0
OODT-663,40f408b5a12bce7b5f543134ce3ad028dcda8c67,0.8332852,0.16671482,0,0
OODT-476,04d2f060067404457aa344fb007d8cc758eaf044,0.88957864,0.110421374,0,0
OODT-16,e30cd35e3131579ab3398ca47174d39eb09f547a,0.028949475,0.9710505,1,1
OODT-562,aa6002068ee9385c0e754850b7859c8db11628a6,0.8821548,0.117845155,0,0
OODT-172,53c4512b4ad8352614c5b0df249b6a0c7a65170e,0.8276244,0.17237559,0,0
OODT-19,3ec8a233fd4b9ee7689bd5de25802b140f6b3ca4,0.8397721,0.16022785,0,0
OODT-217,852ffc1a6605abc5bf2915f81a485ac798bf6ba8,0.010256411,0.98974353,1,1
OODT-382,5470e6f95c2567c06ce52f35aef2bef958dcf648,0.8447281,0.15527193,0,0
OODT-16,0b04d47d58b071d6feeab9c9dea11fa629effc7e,0.8878344,0.11216549,0,0
OODT-269,c317bf459922865e4c981be43fdc9f73f1291080,0.856944,0.14305593,0,0
OODT-107,801535a265a9e7d6f7108c30d14b6e50f4252871,0.8595773,0.14042267,0,0
OODT-489,767f6594d2d746ca3a05fa3a4f44854622311b1d,0.012643354,0.98735666,1,1
OODT-412,7355d5019de71ea76425b20b654762f2301be297,0.88526666,0.114733316,0,0
OODT-120,f504cf6daa6e38c4cc08906d804d8741eb9488f1,0.012230925,0.98776907,1,1
OODT-365,9d2195f534c920477bf45a817f79b780a77a9e33,0.9145256,0.08547439,0,0
OODT-306,72620575e82676d8a0c5d0305cea8b5fda870858,0.90903217,0.090967774,0,0
OODT-353,1bc9455d4606ff9af41a4bc531a33b838b0a3a19,0.01909212,0.98090786,1,1
OODT-23,a41c845a3ecb6b4d461dd6a775a4854d7c375a3b,0.8261079,0.17389205,0,0
OODT-15,10b975c86f5fb79bb736cc3eb962388ac5271c6c,0.012986384,0.98701364,1,1
OODT-586,11eb2fd54e670f3421cd59a663b9075f8f45df02,0.8883707,0.111629315,0,0
OODT-632,e2a4d18bb2f0d663355d4f6a816a809b7ce88912,0.85153264,0.14846739,0,0
OODT-787,e39cc581fd0e80d20f74a7fb99c33d726f325732,0.84990025,0.15009975,0,0
OODT-76,982385b262f0f226fefc8bee81a025f21221666e,0.825327,0.17467299,0,0
OODT-722,cf7a59ba11a18a76136e58f228c2db5d16ab343c,0.90420866,0.0957913,0,0
OODT-832,49082b0413cff0020537593b5cf2e4d2469e31bc,0.86286974,0.13713028,0,0
OODT-496,e6482415c95e769494ee57983a560e49596bfcb0,0.04211002,0.95789003,1,1
OODT-79,f75078bdc29cfc5b22f935d62468b96633481df4,0.91821134,0.08178865,0,0
OODT-153,ef86b12466ae8848f8b4b78b38c38eca91a9b73e,0.8140502,0.18594979,0,0
OODT-358,2936f1880ff314899107fe297e412fdb8a496fdc,0.8648705,0.13512954,0,0
OODT-53,e9e957e8a6cd5f12597c0e8319bdb725118e6dc2,0.88861966,0.11138036,0,0
OODT-496,24628e2fe8e17e1751ced02cccdbfe36c4fec0b6,0.8522457,0.14775439,0,0
OODT-132,ad5527450d67313ae0988552cff25d2cced88d63,0.91510946,0.084890544,0,0
OODT-839,1bf6f6635946e3509614288053707a39c584a843,0.8758604,0.124139644,0,0
OODT-866,2f56969614776fa35a4a5022bb6b02a3f5d56a1a,0.9105993,0.08940071,0,0
OODT-586,35b028102f6d70b9beeab0cbb5bdd330079f668e,0.82432836,0.17567162,0,0
OODT-815,ecf9fa765e3f1d1f44c6fb35d50fb0b3d18217b0,0.9135203,0.08647972,0,0
OODT-856,f9d5b4d60016855dcb1841fd1594914029cb8d39,0.83382416,0.16617583,0,0
OODT-373,95dd83d2035596f9f982ca51394f8f80153d44b0,0.82595515,0.17404486,0,0
OODT-192,258ccea7aae19d842e878e4ed80c6a1ffd91aba7,0.011516783,0.98848325,1,1
OODT-215,6107c68d7c80e6400314f340ba140ca7b792ce1e,0.017633343,0.9823667,1,1
OODT-21,c64cad560e33bf430780161a35dbeee6b6b9f1f5,0.85125643,0.14874353,0,0
OODT-812,c31954b7f9d422a63a05bea8c9b28ff4d2a85f7f,0.8362771,0.16372287,0,0
OODT-132,7a40c51814fbd988299b2833fc063c32aed98b03,0.9128574,0.087142594,0,0
OODT-210,64313bac18a451c62e12a0ef11da7655fa77987a,0.9093468,0.09065314,0,0
OODT-82,47a1992b3c8e4b8f772735eaa758cb633e8c15c1,0.016894681,0.98310536,1,1
OODT-812,5b7cd6d2cac77c5a7320190a219d320a856e67e7,0.82538074,0.17461924,0,0
OODT-476,bb0de13317aa32846c2e17a76ce12f927c267964,0.8885537,0.1114463,0,1
OODT-103,f75078bdc29cfc5b22f935d62468b96633481df4,0.89792305,0.102077,0,0
OODT-545,8b25e829515bc608879a02c7a83cfe017776d732,0.83711857,0.16288143,0,0
OODT-54,a342733037ab734dda6a989a6771702d5d9bd815,0.8551823,0.14481768,0,1
OODT-244,a41b04634dc189546b394ec47a3786b039a368bb,0.8644831,0.1355169,0,0
OODT-343,49f5265c5f8fbc67946f032d107aed56d3569d02,0.87262064,0.1273793,0,0
OODT-651,2cf054242a751cb79074621cd7db3fa81c0d55fb,0.022468524,0.97753143,1,1
OODT-87,982385b262f0f226fefc8bee81a025f21221666e,0.8475278,0.15247224,0,0
OODT-429,2928bf0cdade11e5b6d80ab316ab8667aa20c8fa,0.8885076,0.11149242,0,0
OODT-124,30b3c9c26afe6eed4c4dac3916ef8dd56afafd99,0.87244534,0.12755468,0,0
OODT-256,ff6de07895697d037419533e91fd47e7a0107f45,0.012109703,0.98789024,1,1
OODT-605,5df39551471f4f25cfa9f259bf63f4141a9e17dc,0.8664321,0.13356791,0,0
OODT-97,63b7036a2c738124d948b68daa0bcb973c4f443a,0.8618866,0.13811342,0,0
OODT-21,d403a3b27a45014025ff58909480a7c884a258cc,0.84221715,0.15778285,0,0
OODT-838,96469659a3fcbf513c6a3582d87a0743393a8fcd,0.8439299,0.15607016,0,0
OODT-480,2f56969614776fa35a4a5022bb6b02a3f5d56a1a,0.9135097,0.08649035,0,0
OODT-77,4a01713127e50185138fa98e896438677b1c7c89,0.8373283,0.16267164,0,0
OODT-269,079da660b108e730ea46d030869a81e82837bd11,0.89333665,0.106663376,0,0
OODT-356,788b5455a23d25c880b0d01234c2796b0247abdd,0.8520559,0.14794412,0,0
OODT-197,46dd0f87d771196d8249da78ac36bd033a8fefc7,0.8441155,0.15588453,0,0
OODT-451,89789aa9ed68e61d1924a74d78f11bbc43f77853,0.89655614,0.10344389,0,0
OODT-19,0b932f501a3e51cf777e0100df78408736a45506,0.83136785,0.16863212,0,0
OODT-430,61eb0954bc9bb3af6d11574e5ec6241e3b6d0395,0.9175591,0.08244089,0,0
OODT-480,ecf9fa765e3f1d1f44c6fb35d50fb0b3d18217b0,0.91442513,0.08557486,0,0
OODT-407,aca8939ee310b332e0740f37ef61fa22513b84fb,0.826988,0.17301202,0,0
OODT-21,5124d0a0d7f0e324f0f74f2ee3731562d9e9a90c,0.85264623,0.14735374,0,0
OODT-618,88e7e2d63d55764de619cf2440ac3ed95420a0b0,0.8018611,0.19813895,0,0
OODT-129,69f823f585dfc97654c343c1e71142af78069ebc,0.8326824,0.16731763,0,0
OODT-724,d7f6d6aa1c52dd92c03a867b873edaf89517250e,0.8478322,0.15216772,0,0
OODT-3,d5a624233d901e2d84697ff62d5341b89504ec5e,0.0076928507,0.9923071,1,1
OODT-44,9c083fd7b34049793185e9b5649427e9e80caefe,0.8682794,0.13172056,0,0
OODT-703,391bf7e87adc764761e53a10fd4f3b7e8ad3fe35,0.011880031,0.98811996,1,1
OODT-46,9c793c5cb846332ca27d3d1d447824fe709a9f7b,0.8660442,0.13395584,0,0
OODT-737,cf7a59ba11a18a76136e58f228c2db5d16ab343c,0.8577773,0.14222276,0,0
OODT-16,8c48fca1039e54c9930d915c3bb1de458b4d810d,0.010975301,0.9890247,1,1
OODT-353,78af7455dfe64252656f0d0809ffdf47f59a7361,0.89696705,0.103032954,0,0
OODT-676,903678390df7dc27664c1ba22804def19c7a4b5f,0.8634135,0.13658647,0,0
OODT-728,f1f4e9a702f4d6f7aa1484ee6d393b4e2a49969f,0.8280562,0.17194378,0,0
OODT-667,dbcaef3ea22a2c6466be585cad1bcd117b1c99ac,0.88127387,0.11872616,0,0
OODT-373,e874a183245b4c9d6c2309e11bde24977130110e,0.8734451,0.12655486,0,0
OODT-46,427162583065aae129a91d1b3759721616e4e45d,0.8426022,0.15739776,0,0
OODT-867,3abb505c1dc9149333b45e63e87e2bf52089a0e5,0.87200665,0.12799338,0,0
OODT-138,173518ef598d45124807a685b8121743466e3c18,0.89172244,0.10827755,0,0
OODT-404,1a4135e992fb1c0a39e3a0dc0402ab9d99d6f997,0.80606,0.19394,0,0
OODT-423,15ef8c25d12be5084acdb12df3becf0ebff7e992,0.8692039,0.13079603,0,0
OODT-623,800501bbc8b906bbb387a2d65e1b8c58b507bd30,0.021050913,0.9789491,1,0
OODT-39,d99db418dc480cc36a082873e22be7957fc7ad97,0.8711246,0.12887532,0,0
OODT-135,7a05032e4cec53dee64843a710639409b22263b5,0.8344598,0.16554022,0,0
OODT-89,b2f57da4784375f7fa8e75428c3212611dea0086,0.9058646,0.094135344,0,0
OODT-407,7355d5019de71ea76425b20b654762f2301be297,0.880784,0.11921598,0,0
OODT-610,91a222ab620d0393bc2e3cf8b1422a539d4295b0,0.8593843,0.14061576,0,0
OODT-451,28bf1b824e8c01668b676e0dfd1cbd1b83765a51,0.9111079,0.08889206,0,0
OODT-821,c31954b7f9d422a63a05bea8c9b28ff4d2a85f7f,0.8382478,0.16175225,0,0
OODT-144,a70b6c223caa3601d7a6a4880c0252d5a80ede3e,0.8478588,0.15214123,0,0
OODT-373,0d6179984b69cbc21d7a3ffc0e7aedf74230e569,0.8526646,0.14733538,0,0
OODT-19,97bd1b237d02ce64c5500d6a85c0897b6f9424a3,0.8364521,0.1635479,0,0
OODT-414,ec00ee3e4cf5db3bf3187f40aee562fd3302c98f,0.82735085,0.17264917,0,0
OODT-18,087c472e1572bc81ace0b9f75b01e080dc9658ff,0.8119916,0.18800844,0,0
OODT-14,69f917353f2fdbfd1a29f13bc1911c226a211a68,0.9158262,0.08417378,0,0
OODT-870,1753aaa7bc3e63611d59d72a28e35ed8a4ed71ac,0.9085931,0.09140681,0,0
OODT-15,1cb7afa0660f0250463239d88088dca3d00622a6,0.013610537,0.98638946,1,1
OODT-675,ad9d5a33665ab76b80e471689d433d4a9d109b68,0.83394295,0.16605705,0,0
OODT-18,ae1fdc2aabde5e2f43e0bdc054c9ef00df988999,0.8313415,0.16865855,0,0
OODT-739,59c52647ad8c90b63a65f79a629599e90bdcc49e,0.8974459,0.10255416,0,0
OODT-627,9566fa9a2e2bc9ce42cddf2297cd228a1f9fbdf8,0.8713533,0.12864672,0,0
OODT-399,95dd83d2035596f9f982ca51394f8f80153d44b0,0.8255331,0.17446692,0,0
OODT-156,4226dbed09fc77d68bcefbea9937785519aa29d3,0.8397264,0.16027357,0,0
OODT-373,e07a458950fb1c0fc09931d71fd1b3479eb4dc79,0.86021894,0.13978106,0,0
OODT-734,40854f6277beee2da3c87418feafff9cead677de,0.89821154,0.10178843,0,0
OODT-405,6b4201ede33da7963edcabeea0a6893977f9acfd,0.86910695,0.13089308,0,0
OODT-633,915cab762d04e04acc7843b574d75f7b48210485,0.88761836,0.11238157,0,0
OODT-209,e7f4c3e51712eb02e9d86e25c32756d32dd82a7c,0.8568628,0.1431372,0,0
OODT-269,2fdbda66005c0e1ebaf978e0d8cd1ab6039034e1,0.86948305,0.13051699,0,0
OODT-73,601838ffaae7357d8690813fe9cff48feacd7b51,0.86855423,0.13144581,0,0
OODT-401,61eb0954bc9bb3af6d11574e5ec6241e3b6d0395,0.8737289,0.12627108,0,0
OODT-890,1e5b0f9f274e12bf4d3460878d3f69aa91eb1546,0.86925596,0.13074405,0,1
OODT-157,5bfeef080af57e6d62b0714561bb3a1e912acc8e,0.018408006,0.98159206,1,1
OODT-477,b117ac0d704b9c51033485249d83ba2b06832104,0.8126008,0.1873992,0,0
OODT-348,338a6bc8627da14178c3c9439935bc95670ba306,0.87324333,0.12675662,0,0
OODT-206,dde8ad0a5b65ac684de37a275dc2f976ec3ee279,0.8682109,0.13178909,0,0
OODT-204,2445f7036b64f08451a3423dd9481f5265bdb9f8,0.83847207,0.16152792,0,0
OODT-76,f75078bdc29cfc5b22f935d62468b96633481df4,0.89888686,0.101113155,0,0
OODT-115,a0fc8d0dee0a6f8f6f9896a305a059ee23b83317,0.85031015,0.14968985,0,0
OODT-845,2445f7036b64f08451a3423dd9481f5265bdb9f8,0.831296,0.16870403,0,0
OODT-132,0415e9a19e6f346046cf7fdae71283fc92cb4d25,0.9157442,0.08425579,0,0
OODT-244,9a598e41cb68270612c4c38c5f49d51b1a698b5e,0.8880845,0.11191554,0,0
OODT-270,c317bf459922865e4c981be43fdc9f73f1291080,0.8418885,0.15811148,0,0
OODT-634,c81988bbab2928ed1f9bc312ce06961675234607,0.8474706,0.15252943,0,0
OODT-357,e02102c946086ecee6fb0139058a63cb95d2908f,0.9250395,0.07496047,0,0
OODT-824,ecf9fa765e3f1d1f44c6fb35d50fb0b3d18217b0,0.02060172,0.9793983,1,0
OODT-686,cbfef6d25c1cf58174ebc358ac1e3534c87d5c55,0.8941656,0.10583448,0,0
OODT-480,30b3c9c26afe6eed4c4dac3916ef8dd56afafd99,0.8772884,0.122711614,0,0
OODT-371,ff6de07895697d037419533e91fd47e7a0107f45,0.8724727,0.12752731,0,0
OODT-369,bbbe2620a7d2c5d22b6e98d81b19218798c09fa1,0.8822605,0.11773947,0,0
OODT-637,915cab762d04e04acc7843b574d75f7b48210485,0.88422734,0.11577263,0,0
OODT-131,7f03c76dc40a6c7ec0afefaaadba345f8034ddf4,0.9182629,0.08173713,0,0
OODT-3,4bf91572628eb37e0b44e553aed2959e69946b5e,0.012039014,0.987961,1,0
OODT-931,6577722690aef09d9a7735b60ca303fa176b0edc,0.8854788,0.114521235,0,0
OODT-511,e9a6cbe3b413455a6ac12cc5d92c67e5b04b8b03,0.82379013,0.1762099,0,0
OODT-180,eb9b807ea9cccdaec960f874ca548e0ea7664701,0.85367715,0.14632283,0,0
OODT-228,ad9c9127e925b9788ff00f462fc60b54d67007fd,0.8308078,0.16919227,0,0
OODT-556,659997b76a36cb4d6fde0ec1211bcc86e76d593f,0.8457439,0.15425609,0,0
OODT-476,b117ac0d704b9c51033485249d83ba2b06832104,0.88939506,0.11060493,0,0
OODT-414,af23c44574f8bfaf4f2b92067f04749a99b74583,0.8257242,0.17427582,0,0
OODT-813,b90b097dd007116077ac3973fd1b4b81ffee0673,0.8400465,0.1599535,0,0
OODT-500,d8b4c158526223fa352956d31097d059d38ec22f,0.8462182,0.15378171,0,0
OODT-352,013dfebc61ddbc8300ea71b05591004f83c7f2e2,0.01907368,0.9809263,1,1
OODT-583,842bcc4e76043c6aec47082fd9100e26dbf63b75,0.85557854,0.14442144,0,0
OODT-309,a34b3df54195d30cc2024a8f0c6e549595ec7470,0.86212075,0.13787927,0,0
OODT-349,78af7455dfe64252656f0d0809ffdf47f59a7361,0.8992587,0.10074125,0,0
OODT-244,518180573d150731bdedd89937e602824c23ad3e,0.8915424,0.10845761,0,0
OODT-415,6b4201ede33da7963edcabeea0a6893977f9acfd,0.84932214,0.15067786,0,0
OODT-308,22f176b5522bd856afa1ee6863c470b905df361d,0.8566051,0.1433949,0,0
OODT-269,92da10aa38fcdcd386d37c9e3e3e618c9195e224,0.84438765,0.1556123,0,0
OODT-494,e6482415c95e769494ee57983a560e49596bfcb0,0.92043823,0.079561755,0,0
OODT-805,a44c0e871f4db4af645f00533b00de1e91d5bcc3,0.018063141,0.9819369,1,1
OODT-21,00f8a0db5730b78f95b5605c31e925812cf620ef,0.86879396,0.13120602,0,0
OODT-453,a8255eed00db6f0b464e14372808a2006266e4c6,0.86042637,0.13957368,0,0
OODT-17,8e9ba08f33f3ad9dccb53ee00a4d7d5292712a51,0.8814752,0.1185248,0,0
OODT-124,64b15471bb72352560b6914410cc5b115f126d70,0.84189737,0.15810268,0,0
OODT-124,4509cc8fe0476a5047b815af2a244da1865f888e,0.9009395,0.099060535,0,0
OODT-152,61950ee8edbd8f5f44c5dd708583b4cceea334a5,0.83720756,0.16279246,0,0
OODT-152,c0dcafed74ab00329c5410ba1e210bba763d2adc,0.8252267,0.17477329,0,0
OODT-425,fdc65ccde792494e40121dc6aa4b559f80ea492a,0.8354922,0.16450785,0,0
OODT-418,a34deb4850b829a66e3b98df8d7be3cc372d5971,0.7944593,0.20554078,0,0
OODT-815,281a676eb58518a7fc84e83ed4a4e9fa2c4791b1,0.8553369,0.14466307,0,0
OODT-433,1caad66a2edf8df88d91225f6d76a3a55cb8565f,0.89780426,0.10219572,0,0
OODT-18,9fe779130991e5fc66145efd3bc9e9715c7aa6da,0.8258446,0.17415541,0,0
OODT-490,7843378a426299754844e9df8a1c0584ee334fa7,0.85930294,0.14069706,0,0
OODT-186,4cf2154d66f452b0417f89e430d74cf306e72e26,0.86832553,0.13167454,0,0
OODT-35,1b3ef58269f8c575d5ceca74c17b93c101989cb2,0.009203573,0.99079645,1,1
OODT-24,f15b3f8471a6b6d5eb5f6ff4485952fc7bba116c,0.68842417,0.3115758,0,0
OODT-874,a3f34adef73d37bb2be3c73ee1066d41fb10c31a,0.8366312,0.16336879,0,1
OODT-203,c317bf459922865e4c981be43fdc9f73f1291080,0.86082083,0.13917919,0,0
OODT-815,f10fd621054935bd99074465e5ca34412c0bd3df,0.84424967,0.15575041,0,0
OODT-648,afc4381faa4d2600d919c2d402d4c839ea9cbbe2,0.025108412,0.9748916,1,1
OODT-310,f3cb531e5c6ac58f5fd92c51d824c8f43dcf8523,0.01263294,0.98736703,1,1
OODT-39,4bf91572628eb37e0b44e553aed2959e69946b5e,0.018241916,0.98175806,1,1
OODT-431,8e85fe897ca0af27107e2e3bff76d76f6b2cab6d,0.8924403,0.10755967,0,0
OODT-179,2e01eaa0303dbf930e63c567083737db4db64727,0.841776,0.15822402,0,0
OODT-678,ad9d5a33665ab76b80e471689d433d4a9d109b68,0.853042,0.146958,0,0
OODT-699,b070ad1141b74f47c878e10cc4520f9780014156,0.01622623,0.9837737,1,0
OODT-419,6b4201ede33da7963edcabeea0a6893977f9acfd,0.86704373,0.13295624,0,0
OODT-731,0da9d42f5d5fb1423e6f930cc3402579ce680884,0.89643276,0.1035672,0,0
OODT-875,1bf6f6635946e3509614288053707a39c584a843,0.9014673,0.09853269,0,0
OODT-709,843eedfb9b5b5e44703408c318120411a5e9c1f1,0.9155906,0.08440945,0,0
OODT-209,0fafc3d3bead0da7b1cf242a9093f61c9777ad04,0.87705916,0.1229408,0,0
OODT-497,cc01c4d2897e223763a5447e6f4f1601a5358d96,0.012561459,0.9874385,1,1
OODT-425,23709341d01744fc54b455355666d7740664928a,0.8890419,0.11095817,0,0
OODT-672,cd5288e5ebd0e4efdbad7b7f4182ad454c66ef57,0.017260564,0.98273945,1,1
OODT-228,281a676eb58518a7fc84e83ed4a4e9fa2c4791b1,0.84949446,0.15050559,0,0
OODT-361,3e0dc23bba5a6a7f5cb2e3ccb226981b4fb09486,0.90068346,0.099316545,0,0
OODT-418,6b4201ede33da7963edcabeea0a6893977f9acfd,0.8500125,0.14998755,0,0
OODT-412,5d92b9b419871c3d3e2eeebc20472347eaff111b,0.86119944,0.1388005,0,0
OODT-447,53d7cd7861dde19638c730113d94b81ac46cab33,0.8514613,0.14853866,0,0
OODT-17,ba53816a850f66946a8d8b946c2cc7647c71ee10,0.8546171,0.14538287,0,0
OODT-321,1f2e7bf0cc3b9750790d418f4bb3e99125510a9b,0.011760724,0.9882393,1,1
OODT-326,758e0c08d4c53599ad02242292b43a625e2c3b5a,0.869604,0.13039598,0,0
OODT-686,42f4d0861b2e5756dfbe16aaf19e399890cfff45,0.9093705,0.090629525,0,0
OODT-303,4509cc8fe0476a5047b815af2a244da1865f888e,0.90432245,0.09567753,0,0
OODT-396,b2f57da4784375f7fa8e75428c3212611dea0086,0.89302427,0.10697579,0,0
OODT-631,c9230df57af827d092d6a86f1874820487fc7576,0.8773784,0.122621596,0,0
OODT-5,d776d68180238b474c4dd1aad48219bc963011b9,0.85242,0.14758003,0,0
OODT-401,05d8b9f619797a39d2f6203dfde4c6024c6ffc9a,0.8547459,0.14525414,0,0
OODT-161,ebf908b813c78bd529e411d94ded9917234bc024,0.86502254,0.13497742,0,0
OODT-431,6b4201ede33da7963edcabeea0a6893977f9acfd,0.86621743,0.13378258,0,0
OODT-488,5a7b23515f2b7615c9be2fd9ccbca75654b542f8,0.9211425,0.07885747,0,0
OODT-404,39eec80df54439e80a22e1f2f73b385be4805235,0.89836824,0.10163176,0,0
OODT-741,79807fdccbf49a5dcc8ab27fcff539e123565169,0.90795577,0.09204422,0,0
OODT-590,73bb786da4120d5474e0a653b023de2aa955bd49,0.7965658,0.20343424,0,0
OODT-53,f2550007ccf39e06fb23ba280d2f0a976ad7bcaf,0.8385968,0.16140318,0,0
OODT-14,564ed146a6edff73b09eaecc89b45598361793f4,0.918231,0.081768975,0,0
OODT-124,2030e7957bbf048690903b6f0cce2731faf6e0c9,0.8902316,0.10976841,0,0
OODT-16,97bd1b237d02ce64c5500d6a85c0897b6f9424a3,0.8392324,0.16076764,0,0
OODT-545,b6ea41d1bef5f98b7a348bd9b279967bee4f14e3,0.829784,0.170216,0,0
OODT-167,4226dbed09fc77d68bcefbea9937785519aa29d3,0.85353947,0.14646058,0,0
OODT-275,01d17f00b1a2e5b8a0316fd4876b23be4c4933da,0.8550675,0.14493254,0,0
OODT-389,f664da8df68ffa89757d81d2375bd98e2a1ba149,0.8395803,0.16041964,0,0
OODT-157,7a3bf71395652313950f6cf126eb3b88ddd10a35,0.015735257,0.98426473,1,1
OODT-516,5da700d9804487b0df27207c3a0a38126a355c26,0.011380096,0.9886199,1,1
OODT-20,639734e669753639fddeac257c84da91b915b7ca,0.84148943,0.1585106,0,0
OODT-46,f83148d8ed211348724b9c280bf0931f10a10d1e,0.8343115,0.16568851,0,0
OODT-627,2715c01f66b0ddfb2595f2a90472511e311a6535,0.017505996,0.98249394,1,1
OODT-770,fd8fd63aad8b6fb4806d0e0043282d6ad9d53921,0.8929644,0.107035525,0,0
OODT-424,d329e1ab90a0aacd601859e37e3acac978d68c94,0.89809656,0.10190344,0,0
OODT-912,b83208af85f39a5b21fcfae69319ea62fb4f410f,0.8906748,0.10932515,0,0
OODT-609,41a0938e950ddf25959fa5fac59deb6f742a9582,0.83714414,0.1628558,0,0
OODT-103,accf1def12fc7a6906e5a1ae37783a3c94d0b847,0.85163,0.14837,0,0
OODT-830,7f57f61e42987e0301f5cb3331c6bf59406747e6,0.89644676,0.103553236,0,1
OODT-869,64b15471bb72352560b6914410cc5b115f126d70,0.833926,0.16607395,0,0
OODT-48,3ab19d56a8e09e2823fbc3ffa275e7e04d3525b1,0.8618884,0.13811167,0,0
OODT-21,decc69dab2acec7f14a3d9b940d992a2fcad61f4,0.85347235,0.14652771,0,0
OODT-737,0da9d42f5d5fb1423e6f930cc3402579ce680884,0.8713789,0.12862103,0,0
OODT-82,f405cc6131bec9de203392a5de633c5521d06dae,0.9150223,0.08497773,0,0
OODT-681,603085364a332fd03dd514270218784537d135ac,0.791022,0.208978,0,0
OODT-83,63b7036a2c738124d948b68daa0bcb973c4f443a,0.8453917,0.15460826,0,0
OODT-44,618cddd2437cd56a54c0d8071cbfeb9a5ffbcdea,0.8659378,0.13406219,0,0
OODT-548,c733249887b84b236c158683258efee48355c7ca,0.012600732,0.9873992,1,1
OODT-550,2f56969614776fa35a4a5022bb6b02a3f5d56a1a,0.90743834,0.09256166,0,0
OODT-77,f75078bdc29cfc5b22f935d62468b96633481df4,0.89997786,0.10002219,0,0
OODT-18,d403a3b27a45014025ff58909480a7c884a258cc,0.8275948,0.17240512,0,0
OODT-737,f4d62a7bece8dc5e84082dc617ea91cbcb3d4672,0.8463874,0.15361266,0,0
OODT-13,982385b262f0f226fefc8bee81a025f21221666e,0.83852446,0.1614755,0,0
OODT-24,e574ac08cba9d976ea1bffdf51d9b1e683e5750b,0.8406377,0.15936232,0,0
OODT-119,8560f98c77639a12da5fa59291edcafe1816f324,0.8520986,0.14790142,0,0
OODT-741,63298b508b2f393538a3453888fa987995b63e7f,0.89693385,0.10306616,0,0
OODT-921,4f3588ce8c9a455fb4efbd5db04009c8c91dd44b,0.91064155,0.089358464,0,0
OODT-691,c17b98d6b5088cbd2946fd04b5288f5418a849a3,0.8305579,0.16944207,0,0
OODT-877,4f3588ce8c9a455fb4efbd5db04009c8c91dd44b,0.91152227,0.08847774,0,0
OODT-625,2f754e1d8db0afdbe88ad20a744de1d0a0df7d8d,0.81723887,0.18276116,0,0
OODT-18,7c5524b70664b11240a9a7dcd5e40bd407758b08,0.8321061,0.1678939,0,0
OODT-810,d7c44af976dbc7e6b141d8ff280b593e3721b9e1,0.8430539,0.1569461,0,0
OODT-723,cd5288e5ebd0e4efdbad7b7f4182ad454c66ef57,0.8935407,0.10645936,0,0
OODT-323,a1c642b90a70a9c820b0a7b3896697798a3b069f,0.84022063,0.15977935,0,0
OODT-15,f8ed678101110e1a11c7e07104d209b1331b461e,0.010444031,0.9895559,1,1
OODT-350,f504cf6daa6e38c4cc08906d804d8741eb9488f1,0.8897663,0.11023366,0,0
OODT-486,8137cd3649c1c267dcc86d93af91b9a0e8ce9d8e,0.8856829,0.11431715,0,0
OODT-394,e07a458950fb1c0fc09931d71fd1b3479eb4dc79,0.79980475,0.20019522,0,0
OODT-713,183cf24064b145fb7f0a301f3ea37a02f06b42d9,0.86729634,0.13270368,0,0
OODT-778,42f4d0861b2e5756dfbe16aaf19e399890cfff45,0.9027307,0.09726933,0,0
OODT-165,9566fa9a2e2bc9ce42cddf2297cd228a1f9fbdf8,0.8387071,0.16129296,0,0
OODT-18,0b04d47d58b071d6feeab9c9dea11fa629effc7e,0.8833452,0.11665478,0,0
OODT-343,74c8b610ff1d2c76690a44b384cdf5a384378d28,0.8875643,0.112435736,0,0
OODT-198,9023c6b5a005e4c98e584163cc39d67283f50f05,0.85524684,0.14475319,0,0
OODT-343,0bf3197729b5675d7fd99c78f290f053db20c0fa,0.8656382,0.13436182,0,0
OODT-344,9296c47bb966d8bf4dedc05db9093f2e92da6d50,0.8766786,0.12332139,0,0
OODT-134,81ff97a29c5abab047d8813408796cf2b7288de5,0.83885777,0.1611422,0,0
OODT-636,dc05aa63aa995c9f8a683fff2efcab60d969136c,0.8531448,0.14685518,0,0
OODT-387,c34280f157c57ac356336637f49755d3bc09f965,0.8204864,0.17951357,0,0
OODT-246,56973b54049898e901e34618feedd03b5c303825,0.28057772,0.7194223,1,0
OODT-356,e218a1b526b9c8ac09dab76587969bd5e38aa16a,0.87508,0.124919966,0,0
OODT-292,eac4634532cf273888c6fca1359dc0a2b2a4b060,0.8734102,0.12658983,0,0
OODT-353,ddc7fb41217cf90fe0feacde5475c4b7a4ec471c,0.8913269,0.10867312,0,0
OODT-199,0b9d3f3e819ec6d40a8ed847119ebe2638615307,0.87450165,0.12549834,0,0
OODT-887,1b8d1f701782ee16f76303f9aa6a8fffeee76ff1,0.012263759,0.9877363,1,1
OODT-96,accf1def12fc7a6906e5a1ae37783a3c94d0b847,0.8491056,0.15089445,0,0
OODT-877,a82ee5db935218e5c32dba2325518a254b8e1b4f,0.9103375,0.08966248,0,0
OODT-954,4f3588ce8c9a455fb4efbd5db04009c8c91dd44b,0.89437586,0.10562416,0,0
OODT-413,23709341d01744fc54b455355666d7740664928a,0.9182055,0.08179444,0,0
OODT-775,fd8fd63aad8b6fb4806d0e0043282d6ad9d53921,0.80741006,0.19258992,0,0
OODT-686,a41b04634dc189546b394ec47a3786b039a368bb,0.8936512,0.10634882,0,0
OODT-496,dc3bb05ce794b3320188c45d07909bb5dbdc4bf5,0.9055571,0.094442904,0,0
OODT-401,2fdbda66005c0e1ebaf978e0d8cd1ab6039034e1,0.8642788,0.13572118,0,0
OODT-824,4509cc8fe0476a5047b815af2a244da1865f888e,0.72987944,0.2701206,0,0
OODT-675,679361b819de39f93546ac0b03cace35be3861c1,0.8331107,0.16688934,0,0
OODT-480,0555ee4fb81725825a0ce830bfbd697d6e8e6c43,0.87494075,0.1250593,0,0
OODT-869,9566fa9a2e2bc9ce42cddf2297cd228a1f9fbdf8,0.83532846,0.16467151,0,0
OODT-564,449dd95287b70fb8b069b83249207b46a7c93911,0.8413338,0.15866618,0,0
OODT-477,94103572f566247e538b1e97439a8b088cfc876c,0.88657266,0.113427356,0,0
OODT-735,c59ba1328dc3228cb1001362f4943614f017df10,0.8959867,0.10401331,0,0
OODT-447,28bf1b824e8c01668b676e0dfd1cbd1b83765a51,0.9015588,0.09844122,0,0
OODT-865,2f56969614776fa35a4a5022bb6b02a3f5d56a1a,0.9098652,0.090134725,0,0
OODT-140,a0fc8d0dee0a6f8f6f9896a305a059ee23b83317,0.8481221,0.15187792,0,0
OODT-699,10864898cf96520f4c23e3328ebbad8a3e401c5c,0.84165406,0.15834594,0,0
OODT-614,41a0938e950ddf25959fa5fac59deb6f742a9582,0.8483239,0.15167613,0,0
OODT-103,8987beba6e918a7a972bbb937476ee691b5dcbfc,0.90076476,0.09923519,0,0
OODT-115,228d2f40fcf8e7a911e0ee08155b59f4d1dc00b6,0.83656466,0.1634353,0,0
OODT-404,3940d0a5165d7d0bf7c38339aabc3290b0c05e51,0.8922322,0.10776781,0,0
OODT-90,ff485c0123677d1e5f2bfbf56f16d87b0f3cfd56,0.87381124,0.12618876,0,0
OODT-361,7951a8ff66e17c4053163a2f023382e98887fe1f,0.89268583,0.10731415,0,0
OODT-15,d29691cd48ced661ee57a8dae29c548d1129cc15,0.019244416,0.9807555,1,1
OODT-76,f405cc6131bec9de203392a5de633c5521d06dae,0.9058842,0.09411583,0,0
OODT-245,0d1ce3f78d6375e848b19a28c79f52c87f4d9ba5,0.86006516,0.13993485,0,0
OODT-423,7355d5019de71ea76425b20b654762f2301be297,0.01562487,0.9843752,1,1
OODT-414,d7fb38896aff985a7586f712431b774ad5911597,0.9058766,0.09412343,0,0
OODT-686,3d25473b04ec7312551ea077dd09a4c54778ebac,0.020590825,0.97940916,1,1
OODT-15,05d5b1c110cf0840d550bab73351e342b1c3246e,0.01546433,0.98453563,1,1
OODT-44,fef2a15aaf44dd99eb476748993a088686950f55,0.8648923,0.13510767,0,0
OODT-67,47a1992b3c8e4b8f772735eaa758cb633e8c15c1,0.8301558,0.16984427,0,0
OODT-13,7c29c9cd1d7d467204952fcfb2924c9d2da1713d,0.01871822,0.98128176,1,0
OODT-245,c317bf459922865e4c981be43fdc9f73f1291080,0.85416085,0.14583918,0,0
OODT-685,843eedfb9b5b5e44703408c318120411a5e9c1f1,0.020227438,0.97977257,1,1
OODT-295,4fbf581efa603a76d4a2de3a44b45465f234d7b1,0.9029906,0.097009405,0,0
OODT-209,22f176b5522bd856afa1ee6863c470b905df361d,0.8647578,0.13524224,0,0
OODT-546,3433c3d3a6d29a536b0cbe06c5c9179529168835,0.88603085,0.1139691,0,0
OODT-603,0b43f31e16250ec1b68e28a84019329a4623d387,0.8550688,0.14493118,0,0
OODT-449,38aec70d54448ad33f7be688791b08d89539b952,0.8409039,0.1590961,0,0
OODT-130,cc52a09fec4a7d030eb0750bcf1f926b53a8823d,0.8404701,0.15952998,0,0
OODT-162,ff6c8c9804d895701c8a08fc34ff2b6a21e2ef52,0.84246165,0.1575384,0,0
OODT-411,6b4201ede33da7963edcabeea0a6893977f9acfd,0.85979414,0.14020589,0,0
OODT-681,fcc803c031d7a0b52eb65d5591e12e9de3eb245a,0.80460787,0.19539213,0,1
OODT-671,508c85668a6701c6005cc7de6c434f03cd22fc1d,0.8346064,0.16539364,0,0
OODT-174,9ddda503974adf0723ade79f3fe242b405588757,0.88918465,0.11081535,0,0
OODT-248,c317bf459922865e4c981be43fdc9f73f1291080,0.8630782,0.13692184,0,0
OODT-15,6f18f49b1bb11bc565bc0ccc4920df89ee0b7d4c,0.010405544,0.98959446,1,1
OODT-674,c17b98d6b5088cbd2946fd04b5288f5418a849a3,0.86798435,0.1320156,0,1
OODT-885,be35c7898f70fa4b980d814917f3d7faf61776fe,0.81696475,0.18303528,0,0
OODT-653,2f56969614776fa35a4a5022bb6b02a3f5d56a1a,0.9137253,0.086274706,0,0
OODT-738,c8aaac4552e1e9649cd5ced60f60b1c5f3ffa373,0.89438826,0.10561169,0,0
OODT-405,3940d0a5165d7d0bf7c38339aabc3290b0c05e51,0.89252216,0.107477866,0,0
OODT-234,079da660b108e730ea46d030869a81e82837bd11,0.8930989,0.106901154,0,0
OODT-631,4fbb4f839622db0d195b6b20eb112b7b0251e46d,0.8710321,0.12896791,0,0
OODT-385,013dfebc61ddbc8300ea71b05591004f83c7f2e2,0.9175867,0.082413256,0,0
OODT-640,4fbb4f839622db0d195b6b20eb112b7b0251e46d,0.87116265,0.12883738,0,0
OODT-388,fe693d8116399d03a8b5e6b1c4b4d04bca68adea,0.8459778,0.15402223,0,0
OODT-778,f10fd621054935bd99074465e5ca34412c0bd3df,0.86400384,0.13599621,0,0
OODT-17,787ebb6131995ba5cdb299c3f18fddb1b135e0d2,0.885698,0.11430196,0,0
OODT-24,d403a3b27a45014025ff58909480a7c884a258cc,0.8124584,0.18754162,0,0
OODT-429,7355d5019de71ea76425b20b654762f2301be297,0.88070107,0.119298965,0,0
OODT-818,b56ec5ad2ca4be5adae65ee98e8cdc522eaca87e,0.83512074,0.1648793,0,0
OODT-726,cfe17dd5f448e0902501792664d4870a9c42703b,0.84733313,0.15266685,0,0
OODT-410,1a4135e992fb1c0a39e3a0dc0402ab9d99d6f997,0.8227192,0.17728083,0,0
OODT-713,a51bd6a15b2c653a7876d1180924a553d3376ee6,0.85082155,0.14917846,0,0
OODT-762,0498a48564d0a3e5ed12b7f6dd0ec553fd5b7493,0.012647365,0.9873526,1,1
OODT-665,34cce66358d887bd48dae3a3b7f67a439ee1f734,0.8510305,0.14896946,0,0
OODT-270,4509cc8fe0476a5047b815af2a244da1865f888e,0.90215945,0.09784054,0,0
OODT-245,cbfef6d25c1cf58174ebc358ac1e3534c87d5c55,0.84636825,0.15363178,0,0
OODT-89,007c76eeabcb1dacf3bc10e37817a97e729f6148,0.9034685,0.096531525,0,0
OODT-20,ef0c6ef76f7c87d391c63440cd36add59588dfe1,0.8646629,0.13533711,0,0
OODT-704,24db2ae6b36091c9fdffcfd8cbd4d8da32307829,0.83296907,0.16703095,0,0
OODT-632,544ae9d03e7595c6b4311f2891cce2f45087a928,0.84091634,0.15908363,0,0
OODT-19,5124d0a0d7f0e324f0f74f2ee3731562d9e9a90c,0.8398842,0.16011582,0,0
OODT-14,83f0a72316b3bb4b34290e3dea15d8b2b8cdb607,0.8650112,0.13498877,0,0
OODT-391,37d9219da46086f6d4e0c8dbbb5b5065e5310127,0.87275106,0.12724899,0,0
OODT-555,659997b76a36cb4d6fde0ec1211bcc86e76d593f,0.87534785,0.12465218,0,0
OODT-409,23709341d01744fc54b455355666d7740664928a,0.888088,0.11191203,0,0
OODT-254,079da660b108e730ea46d030869a81e82837bd11,0.8928539,0.10714609,0,0
OODT-420,ec00ee3e4cf5db3bf3187f40aee562fd3302c98f,0.8227046,0.17729543,0,0
OODT-547,f0c8a5242eede90024bc35a262b59656cca4a460,0.8774178,0.122582205,0,0
OODT-866,4509cc8fe0476a5047b815af2a244da1865f888e,0.9007293,0.09927076,0,0
OODT-308,b44c68f87571b114d230ac0966e324fc3b932947,0.8842713,0.11572863,0,0
OODT-678,679361b819de39f93546ac0b03cace35be3861c1,0.84937143,0.15062861,0,0
OODT-93,601838ffaae7357d8690813fe9cff48feacd7b51,0.8739385,0.12606148,0,0
OODT-528,495493954d7666223d1959ca1ba12da94bfeeced,0.54002345,0.45997655,0,0
OODT-598,11eb2fd54e670f3421cd59a663b9075f8f45df02,0.8787497,0.1212503,0,0
OODT-42,5cf25c552f077fb47932c765d544160e4a9d2d2c,0.8212358,0.17876421,0,0
OODT-423,7f5caea69a0a066cc68b6fad93ac7b243ec396e2,0.83009607,0.1699039,0,0
OODT-228,aa5ae454824002505d8ea4979e406b7f1747c138,0.8472167,0.15278332,0,0
OODT-208,7b113b6ab1cfa3b8ad5804f7ad1db41395323ad9,0.877635,0.12236505,0,0
OODT-14,1cb7afa0660f0250463239d88088dca3d00622a6,0.903487,0.09651294,0,0
OODT-867,8b2e30f9d5db436121a22f7f0d99f69faab6d42f,0.8895465,0.11045341,0,0
OODT-725,60b6b32ec1e54395fd187e794bb90370a6650bb4,0.88438946,0.11561059,0,0
OODT-131,6dcafaa9b78979c3a32ebd6d1f669b4a6f5e4fd9,0.9097341,0.09026588,0,0
OODT-165,4fbf581efa603a76d4a2de3a44b45465f234d7b1,0.019758202,0.9802418,1,1
OODT-526,1bf6f6635946e3509614288053707a39c584a843,0.8949839,0.105016105,0,0
OODT-256,8f4b2ada5303e6aeea57b97b0534d4c4ec40da0b,0.88384,0.11615994,0,0
OODT-779,e39cc581fd0e80d20f74a7fb99c33d726f325732,0.8374214,0.16257855,0,0
OODT-705,a51bd6a15b2c653a7876d1180924a553d3376ee6,0.8549738,0.14502615,0,0
OODT-246,298acba81becb471d5dd6d9dc0d4a068747c05d7,0.8577942,0.14220583,0,0
OODT-153,c0dcafed74ab00329c5410ba1e210bba763d2adc,0.83924675,0.16075319,0,0
OODT-180,2e01eaa0303dbf930e63c567083737db4db64727,0.8180485,0.18195146,0,0
OODT-16,113394811d1e565f35dd2361f0c057c8ca20077b,0.012555073,0.9874449,1,1
OODT-326,a1c642b90a70a9c820b0a7b3896697798a3b069f,0.8355282,0.16447183,0,0
OODT-144,c2ffec2b156ab3edea5f8fb4149486ea75b8c4ba,0.8645371,0.1354629,0,0
OODT-598,e60e3c0b458f8032294d36b2805c21ed3dcdd50e,0.85505366,0.14494641,0,0
OODT-737,254fd86fe539ec0b19cdbedbc24285e401336c20,0.8374529,0.16254713,0,0
OODT-270,298acba81becb471d5dd6d9dc0d4a068747c05d7,0.81540465,0.18459533,0,0
OODT-86,8987beba6e918a7a972bbb937476ee691b5dcbfc,0.89504856,0.10495146,0,0
OODT-17,3fd25c06c94092473e403d48bb7a0c4f9e120c5a,0.8301224,0.16987762,0,0
OODT-4,99a766b2f419435c62b73cd150e7515eae29f261,0.78901935,0.21098065,0,1
OODT-14,cca9bf600fd44d29c0649f94cd26386c40bfe082,0.8374334,0.16256659,0,0
OODT-483,a7a213d5278daf4898d7bb8c69526674fd19e29a,0.9177756,0.08222447,0,0
OODT-203,f967c640ddcfe46bd46e433ac718d370ea982ea1,0.858089,0.14191101,0,0
OODT-366,096d1581dd529a7cb82407fa828f5d41b90552d6,0.86980605,0.13019395,0,0
OODT-723,dbcaef3ea22a2c6466be585cad1bcd117b1c99ac,0.8947677,0.10523231,0,0
OODT-17,b4064c5beb2d4ad1fdb2b773fdf8d081c90fac36,0.87991977,0.12008023,0,0
OODT-228,64b15471bb72352560b6914410cc5b115f126d70,0.83660984,0.16339019,0,0
OODT-17,b1163142a0b48fc1cc10f364eafdb0bdfbce1bd6,0.90100867,0.0989913,0,0
OODT-431,f45ace4dd72857167c0001e59544f547896fe007,0.8276929,0.17230706,0,0
OODT-945,87910318d72575ff2495bf47afde6e8e4d29f614,0.8415877,0.15841231,0,0
OODT-954,d24ec749118ed0aeb5846f3e6e60c467443db1a4,0.84465104,0.15534893,0,0
OODT-424,1bf6f6635946e3509614288053707a39c584a843,0.9079459,0.09205414,0,0
OODT-711,01d17f00b1a2e5b8a0316fd4876b23be4c4933da,0.8475027,0.15249729,0,0
OODT-744,9e181300a607a8083061459815c07070daa9c576,0.7976563,0.20234378,0,0
OODT-15,bf45bdca93cc478259394c219b1d7409548bd5eb,0.016949171,0.9830509,1,1
OODT-739,5547d6cfb788fb920b533c307e7b430d2c4cce9f,0.8965974,0.103402585,0,0
OODT-106,85f7b19b2e2aa96851c99a5cce8279e6dfa08926,0.8854094,0.11459062,0,0
OODT-385,2148dfe7edc5cb5f78568c0f8a712d22b23ea4ff,0.85845625,0.14154376,0,0
OODT-144,138d077d2926e0580a99b963f30ca5901a7a3be7,0.89778924,0.10221069,0,0
OODT-87,a0c3bb96effbab6bc8fb08251d30ef9e5b19154c,0.8650561,0.13494392,0,0
OODT-878,d24ec749118ed0aeb5846f3e6e60c467443db1a4,0.9174664,0.0825336,0,0
OODT-220,440ee78e07e1d429a625113736ce499c31c81cc5,0.8446056,0.15539435,0,0
OODT-228,3411bdc48a8963dcc5bd43a88d55ceb3e541ab32,0.89916474,0.100835316,0,0
OODT-779,0555ee4fb81725825a0ce830bfbd697d6e8e6c43,0.8746603,0.12533973,0,0
OODT-112,a70b6c223caa3601d7a6a4880c0252d5a80ede3e,0.8347213,0.16527869,0,0
OODT-866,1753aaa7bc3e63611d59d72a28e35ed8a4ed71ac,0.9223162,0.07768374,0,0
OODT-41,8522d7f5ff8052f3458f372cca7d5857391fc54f,0.84980094,0.15019909,0,0
OODT-762,e54db5b5c41c2f4cb145713cab461ffa13429404,0.03804736,0.9619526,1,0
OODT-115,b4d747369c09355f504819e6c07ae57cd60d4abc,0.84351474,0.15648524,0,0
OODT-864,44488fed4d2b2922c167d8f683f66cdd4f95270d,0.8215931,0.17840683,0,0
OODT-303,30b3c9c26afe6eed4c4dac3916ef8dd56afafd99,0.87946314,0.12053681,0,0
OODT-543,ac028d992f2774d857f8a963409a7565d343b9a7,0.8845253,0.11547472,0,0
OODT-890,631cd23cd4bc70e117ad7f22c8d3864f30f09313,0.85896444,0.14103553,0,0
OODT-95,f32f83a08bc42906a404116c01cecb3bbf94e582,0.86097175,0.1390283,0,0
OODT-78,f405cc6131bec9de203392a5de633c5521d06dae,0.91329896,0.086701006,0,0
OODT-15,ecd43df0e7e735875e8a543fc1e106019a6cebef,0.016441619,0.98355836,1,1
OODT-24,b9df0849da9e80187c128269785094e0323e904a,0.8166414,0.1833586,0,0
OODT-932,a89e2fbc2dccf1a19c6585a4abeb4ffccb3f2f1e,0.011303231,0.9886968,1,1
OODT-508,4509cc8fe0476a5047b815af2a244da1865f888e,0.8997592,0.10024084,0,0
OODT-496,34eccee2c85dd795c17317b33ecad178cbcf7b39,0.8791139,0.120886095,0,0
OODT-15,dceb861a5208b9751cd42aaac18462a5907a7ec5,0.015952908,0.9840471,1,1
OODT-874,6c6feedb8f2d84fae38c54411de115ae2c579a95,0.86716634,0.13283367,0,0
OODT-208,eaf8c2bd9d576053f80f85170a098f9e37c48e5e,0.8409243,0.15907568,0,0
OODT-556,f0cc0bfcd69fc028dcc19dc5230b41c2c21da0d2,0.011800964,0.988199,1,0
OODT-424,6e403eecb61847e4794d90400423830edfbefa83,0.8972936,0.10270641,0,0
OODT-392,3e0dc23bba5a6a7f5cb2e3ccb226981b4fb09486,0.7974803,0.20251976,0,0
OODT-779,2c029c1a455b5b0f2ca3d93cc35a3b2154d7bd94,0.8809217,0.11907827,0,0
OODT-886,f5ebb4288bed671e3b79779e8bd3861a13ec1f1f,0.8272912,0.17270876,0,0
OODT-185,23e0694f4f20e543ab3e152ffd489f463e5575d6,0.87451804,0.12548196,0,0
OODT-447,0cc2873939ef2e163bfcd7a89195ba570610fc9f,0.011095299,0.9889048,1,1
OODT-228,8b2e30f9d5db436121a22f7f0d99f69faab6d42f,0.8979965,0.10200355,0,0
OODT-15,3193f53d433d871ca081efb5b009ea2b17325d41,0.011828266,0.98817176,1,1
OODT-392,e07a458950fb1c0fc09931d71fd1b3479eb4dc79,0.3539141,0.64608586,1,0
OODT-411,747f6794a7b9b9bb37691595fbe516224222cc23,0.81903875,0.18096124,0,0
OODT-811,64114cb042d2c5b2c585499f09d4c63362f7e7b1,0.825666,0.174334,0,0
OODT-17,7196673d702c3acf40b647e32e0c0da3e8b22d63,0.8228378,0.17716213,0,0
OODT-865,64b15471bb72352560b6914410cc5b115f126d70,0.8344381,0.16556187,0,0
OODT-263,a6eb8a752f93c0512a395024ea5c6d3f286d9999,0.89865345,0.10134655,0,0
OODT-14,1293aed13f8e6ea2bed9a590bf96279fe62800f9,0.8532935,0.1467065,0,0
OODT-286,e652d3b0ed9f2270b8df9d707237139ce64ff26f,0.8634359,0.13656408,0,0
OODT-403,83dabcc9ba0135f02075fd4d937195335b310ffe,0.89628345,0.10371653,0,0
OODT-782,e39cc581fd0e80d20f74a7fb99c33d726f325732,0.8370369,0.16296305,0,0
OODT-166,983226413de081840f6f7b7f3e272c0c9bd81bd2,0.883418,0.11658199,0,0
OODT-488,8137cd3649c1c267dcc86d93af91b9a0e8ce9d8e,0.015597267,0.9844028,1,1
OODT-520,3c7693d7c3039b8a79803a1a14875a564c89a98b,0.82611656,0.17388342,0,0
OODT-851,9bfc063d879a7614e476f568d1d4d3162f309356,0.85650635,0.14349358,0,0
OODT-246,706b9eecfcc05379ea01d5bc68fee6a772158e10,0.8648532,0.1351468,0,0
OODT-405,fdc65ccde792494e40121dc6aa4b559f80ea492a,0.84498566,0.15501432,0,0
OODT-804,de9d230872441c4cbbd1bc664eea30a08b21b879,0.8344259,0.16557406,0,0
OODT-129,eb9b807ea9cccdaec960f874ca548e0ea7664701,0.8525298,0.14747013,0,0
OODT-867,9566fa9a2e2bc9ce42cddf2297cd228a1f9fbdf8,0.8353992,0.16460077,0,0
